,Player,scaled_championships,scaled_reg_mvp,scaled_ws,scaled_ppg,scaled_fin_mvp,scaled_gp,scaled_mpg,scaled_rpg,scaled_apg,scaled_per,scaled_bpm,scaled_vorp,scaled_all_star,scaled_anba,GOAT SCORE,GOAT SCORE2
2,Bill Russell,1,0.8,0.542359462,0,0,0.087323944,0.752990852,0.972465582,0.067294751,0.187780773,0,0,0.611111111,0.714285714,0.564194584,0.633150498
0,Michael Jordan,0.375,0.8,1,1,1,0.24084507,0.469387755,0,0.200538358,1,1,0.852209112,0.722222222,0.714285714,0.645440218,0.629628758
1,Kareem Abdul-Jabbar,0.375,1,0.825019794,0.61973775,0.2,0.928169014,0.368050669,0.267209011,0,0.700808625,0.58816568,0.590732926,1,1,0.590358222,0.629459065
4,Wilt Chamberlain,0,0.6,0.980205859,0.996549344,0,0.202816901,1,1,0.091520861,0.840071878,0,0,0.666666667,0.642857143,0.45459329,0.555212406
3,LeBron James,0,0.6,0.873317498,0.7915804,0.4,0.502816901,0.480647431,0.032540676,0.488559892,0.964959569,0.966863905,1,0.833333333,1,0.491060433,0.489516108
5,Magic Johnson,0.25,0.4,0.797307997,0.26984127,0.4,0.007042254,0.358902182,0.020650814,1,0.658580413,0.801183432,0.541210921,0.611111111,0.642857143,0.425553416,0.433987451
6,Tim Duncan,0.25,0.2,0.672209026,0.234644582,0.4,0.691549296,0.171710063,0.245932416,0,0.668463612,0.575147929,0.637240548,0.777777778,1,0.358984925,0.361400876
14,Bob Pettit,0,0.2,0.701504355,0.740510697,0,0,0.503870514,0.582603254,0,0.769092543,0,0,0.555555556,0.714285714,0.267678085,0.339516605
7,Larry Bird,0,0.4,0.625494854,0.597653554,0.2,0,0.479239972,0.193366708,0.34858681,0.603773585,0.724260355,0.517698734,0.611111111,0.642857143,0.331643868,0.339329676
11,Sam Jones,0.875,0,0.460807601,0.142167012,0,0,0,0,0,0.170709793,0,0,0.222222222,0.142857143,0.289722274,0.337251837
8,Karl Malone,0,0.2,0.642121932,0.648033126,0,0.809859155,0.391977481,0.20212766,0,0.639712489,0.518343195,0.705365602,0.722222222,0.928571429,0.313994037,0.335019295
18,Oscar Robertson,0,0,0.654790182,0.693581781,0,0.195774648,0.746657284,0.036921151,0.773889637,0.574123989,0,0,0.611111111,0.714285714,0.251401835,0.31574888
9,Shaquille O'Neal,0.125,0,0.66429137,0.556245687,0.4,0.430985915,0.220971147,0.246558198,0,0.867026056,0.518343195,0.50279907,0.777777778,0.928571429,0.304851333,0.314887931
12,Chris Paul,0,0,0.946951702,0.195997239,0,0.157746479,0.232934553,0,0.769851952,0.7475292,0.807100592,0.589957799,0.5,0.5,0.276297565,0.308171876
13,David Robinson,0,0,0.997624703,0.374741201,0,0.121126761,0.220267417,0.233416771,0,0.844564241,0.79408284,0.558349841,0.5,0.642857143,0.267874622,0.30584174
10,Kobe Bryant,0.25,0,0.36658749,0.645962733,0.2,0.626760563,0.319493315,0,0.125168237,0.549865229,0.447337278,0.54267505,0.944444444,1,0.293754388,0.2928503
24,Jerry West,0,0,0.706254949,0.786749482,0,0.043661972,0.538353272,0,0.394347241,0.548966757,0,0,0.722222222,0.785714286,0.226357383,0.291738461
19,Moses Malone,0,0.4,0.393507522,0.324361629,0,0.78028169,0.168191414,0.334793492,0,0.469002695,0.100591716,0.241236758,0.666666667,0.5,0.248821593,0.282419577
16,John Havlicek,0.625,0,0.094220111,0.355417529,0,0.51971831,0.351864884,0,0.141318977,0.067385445,0,0,0.666666667,0.714285714,0.257277999,0.279473135
21,James Harden,0,0,0.804433888,0.652864044,0,0,0.192118227,0,0.34051144,0.716082659,0.723076923,0.399879425,0.388888889,0.357142857,0.245998381,0.277848099
15,Kevin Durant,0,0,0.737133808,0.786059351,0.2,0,0.371569317,0.009386733,0.047106326,0.756513926,0.706508876,0.446817673,0.5,0.571428571,0.258761636,0.275046045
22,Stephen Curry,0,0.2,0.65162312,0.542443064,0,0,0.192821956,0,0.383580081,0.633423181,0.662721893,0.289466885,0.277777778,0.357142857,0.245478832,0.273415455
20,Charles Barkley,0,0,0.729216152,0.449275362,0,0.242253521,0.356087262,0.299123905,0.022880215,0.705300988,0.634319527,0.545431057,0.555555556,0.714285714,0.248084084,0.273232284
25,Anthony Davis,0,0,0.753760887,0.580400276,0,0,0.207600281,0.21902378,0,0.963162624,0.655621302,0.177245715,0.333333333,0.142857143,0.226084091,0.269864354
31,Neil Johnston,0,0,0.927157561,0.261559696,0,0,0.27234342,0.277847309,0,0.709793351,0,0,0.277777778,0.285714286,0.190212262,0.269410596
17,John Stockton,0,0,0.669041964,0,0,0.849295775,0.011963406,0,0.908479139,0.453728661,0.717159763,0.769701145,0.5,0.714285714,0.252918122,0.257975186
23,Julius Erving,0,0,0.538400633,0.58868185,0,0.481690141,0.337790289,0.097622028,0.053835801,0.610961366,0.643786982,0.541899922,0.833333333,0.785714286,0.239701515,0.251166769
29,Tom Heinsohn,0.625,0,0.201108472,0.2084196,0,0,0,0.117647059,0,0.094339623,0,0,0.277777778,0.214285714,0.206607206,0.232540105
26,Dirk Nowitzki,0,0,0.543151227,0.352657005,0,0.874647887,0.15200563,0.040050063,0,0.50853549,0.446153846,0.582981655,0.722222222,0.785714286,0.216817308,0.23127693
32,Artis Gilmore,0,0,0.545526524,0.216701173,0,0.602816901,0.27304715,0.336670839,0,0.41509434,0.279289941,0.29713203,0.555555556,0.285714286,0.190031796,0.218812808
27,Hakeem Olajuwon,0,0,0.41567696,0.423740511,0.2,0.474647887,0.290640394,0.262828536,0,0.611859838,0.46035503,0.49323917,0.611111111,0.785714286,0.214822599,0.214664505
28,Kevin Garnett,0,0,0.45922407,0.151828847,0,0.790140845,0.204081633,0.195244055,0,0.528301887,0.572781065,0.686590302,0.777777778,0.571428571,0.20819181,0.208654483
33,Bob Cousy,0.375,0,0.114806017,0.188405797,0,0.032394366,0.259676284,0,0.507402423,0.267744834,0,0,0.666666667,0.785714286,0.183819905,0.206697028
39,Elgin Baylor,0,0,0.185273159,0.80952381,0,0,0.593947924,0.415519399,0.074024226,0.530997305,0,0,0.555555556,0.642857143,0.166353943,0.197429986
42,Dan Issel,0,0,0.452098179,0.47826087,0,0.446478873,0.191414497,0.139549437,0,0.412398922,0.178698225,0.14486263,0.333333333,0.285714286,0.161785476,0.1932437
30,Scottie Pippen,0.375,0,0.17418844,0.031055901,0,0.390140845,0.230119634,0,0.195154778,0.16621743,0.392899408,0.396606666,0.333333333,0.428571429,0.198477107,0.19300904
49,Dolph Schayes,0,0,0.538400633,0.198757764,0,0.133802817,0.198451795,0.323529412,0,0.46720575,0,0,0.611111111,0.785714286,0.143233505,0.192241766
35,Kawhi Leonard,0,0,0.754552652,0.202898551,0.2,0,0,0,0,0.5606469,0.714792899,0.16002067,0.166666667,0.142857143,0.172898306,0.192070189
41,Adrian Dantley,0,0,0.510688836,0.596273292,0,0.076056338,0.293455313,0,0,0.424977538,0.273372781,0.229179227,0.277777778,0.071428571,0.161884985,0.190063312
36,Damian Lillard,0,0,0.393507522,0.579710145,0,0,0.33286418,0,0.366083445,0.457322552,0.456804734,0.170269572,0.222222222,0.214285714,0.168418053,0.185934234
34,Russell Westbrook,0,0,0.289786223,0.525189786,0,0,0.21111893,0.010638298,0.612382234,0.607367475,0.482840237,0.301610542,0.444444444,0.5,0.175267561,0.183927976
54,Yao Ming,0,0,0.600950119,0.234644582,0,0,0.067558058,0.146433041,0,0.5606469,0.287573964,0.031177332,0.388888889,0.285714286,0.140322869,0.182232768
52,Paul Arizin,0,0,0.467933492,0.495514148,0,0,0.480647431,0.105757196,0,0.258760108,0,0,0.5,0.214285714,0.14063546,0.181357104
43,Rick Barry,0,0,0.300870942,0.631469979,0,0.167605634,0.408866995,0,0.146702557,0.382749326,0.263905325,0.065713547,0.611111111,0.642857143,0.157176489,0.178739549
40,Steve Nash,0,0.2,0.311955661,0,0,0.445070423,0,0,0.636608345,0.284815813,0.266272189,0.267849453,0.388888889,0.428571429,0.165836947,0.178658329
47,Frank Ramsey,0.5,0,0.23594616,0,0,0,0,0,0,0,0,0,0,0,0.150281512,0.173035986
38,Dwyane Wade,0,0,0.299287411,0.438233264,0,0.215492958,0.165376495,0,0.222072678,0.60197664,0.498224852,0.393333908,0.666666667,0.5,0.166469042,0.170881419
37,Clyde Drexler,0,0,0.389548694,0.331953071,0,0.26056338,0.209007741,0,0.253028264,0.385444744,0.550295858,0.457238825,0.5,0.285714286,0.168349366,0.169416228
44,K.C. Jones,0.625,0,0,0,0,0,0,0,0.072678331,0,0,0,0,0,0.155982756,0.165325791
46,Tom Sanders,0.625,0,0,0,0,0.021126761,0,0,0,0,0,0,0,0,0.153379401,0.162567782
50,Kevin Johnson,0,0,0.423594616,0.153899241,0,0,0.176636172,0,0.722745626,0.352201258,0.369230769,0.173456205,0.111111111,0.285714286,0.143221031,0.162196691
72,Ed Macauley,0,0,0.57165479,0.131124914,0,0,0.289936664,0.038798498,0,0.324348607,0,0,0.333333333,0.214285714,0.113613242,0.160022127
48,Robert Parish,0.125,0,0.239113222,0,0,1,0,0.138923655,0,0.219227314,0.088757396,0.202824907,0.444444444,0.071428571,0.144084826,0.159525927
56,George Gervin,0,0,0.258115598,0.652864044,0,0.223943662,0.140042224,0,0,0.413297394,0.210650888,0.198001895,0.611111111,0.571428571,0.139186055,0.154708074
62,Giannis Antetokounmpo,0,0,0.439429929,0.30089717,0,0,0.066150598,0.122027534,0.074024226,0.551662174,0.49112426,0.108690035,0.166666667,0.142857143,0.133343327,0.154321075
57,Bob Lanier,0,0,0.403008709,0.306418219,0,0.081690141,0.133004926,0.200250313,0,0.441150045,0.444970414,0.191714753,0.388888889,0,0.138040476,0.153590254
65,Dwight Howard,0,0,0.385589865,0.080745342,0,0.288732394,0.142153413,0.339173967,0,0.423180593,0.15739645,0.183618982,0.388888889,0.5,0.128036584,0.153103317
69,Walt Frazier,0,0,0.4101346,0.224982747,0,0,0.418015482,0,0.31628533,0.210242588,0,0,0.333333333,0.357142857,0.117559997,0.152573476
59,Kyrie Irving,0,0,0.324623911,0.469289165,0,0,0.15270936,0,0.261103634,0.490566038,0.444970414,0.104211524,0.277777778,0.071428571,0.13682932,0.152112659
61,Blake Griffin,0,0,0.33570863,0.416839199,0,0,0.228712175,0.12077597,0.088829071,0.469002695,0.360946746,0.126948583,0.277777778,0.285714286,0.133355584,0.151039257
67,Walt Bellamy,0,0,0.285827395,0.307108351,0,0.2,0.403940887,0.421777222,0,0.274932615,0,0,0.166666667,0,0.12119093,0.150432223
51,Reggie Miller,0,0,0.408551069,0.177363699,0,0.687323944,0.189303308,0,0,0.14195867,0.323076923,0.421496856,0.222222222,0.142857143,0.143220155,0.149386261
45,Allen Iverson,0,0,0.017418844,0.761214631,0,0.018309859,0.670654469,0,0.32166891,0.371967655,0.292307692,0.28016536,0.555555556,0.428571429,0.153494094,0.148661716
53,Dominique Wilkins,0,0,0.187648456,0.634920635,0,0.243661972,0.274454609,0,0,0.429469901,0.293491124,0.288433382,0.444444444,0.428571429,0.140572479,0.145642485
64,Pau Gasol,0,0,0.352335709,0.097308489,0,0.457746479,0.130190007,0.144555695,0,0.412398922,0.330177515,0.347601412,0.277777778,0.214285714,0.132247863,0.142323498
78,Bill Sharman,0.125,0,0.427553444,0.150448585,0,0,0.032371569,0,0,0.128481581,0,0,0.388888889,0.428571429,0.107670996,0.141533485
60,Patrick Ewing,0,0,0.200316706,0.369220152,0,0.397183099,0.191414497,0.181476846,0,0.380053908,0.252071006,0.283696495,0.555555556,0.428571429,0.134581529,0.140843466
55,Paul Pierce,0,0,0.259699129,0.278122843,0,0.622535211,0.18085855,0,0,0.265049416,0.344378698,0.417018345,0.5,0.214285714,0.139283955,0.138275011
87,George Yardley,0,0,0.425969913,0.246376812,0,0,0.127375088,0.127033792,0,0.334231806,0,0,0.277777778,0.071428571,0.099316967,0.136579892
74,Don Nelson,0.25,0,0.323832146,0,0,0.214084507,0,0,0,0,0,0,0,0,0.110758041,0.1362613
96,Harry Gallatin,0,0,0.460807601,0,0,0,0.020408163,0.311639549,0,0.42228212,0,0,0.333333333,0.071428571,0.094262527,0.134943814
93,Bailey Howell,0,0,0.44101346,0.212560386,0,0.069014085,0.045742435,0.185857322,0,0.209344115,0,0,0.277777778,0,0.09624977,0.131779391
76,Kevin Love,0,0,0.383214568,0.178743961,0,0,0.027445461,0.264705882,0,0.429469901,0.30887574,0.119369563,0.222222222,0.071428571,0.109455489,0.130019773
79,Jimmy Butler,0,0,0.501979414,0.095928226,0,0,0.104152006,0,0,0.317160827,0.404733728,0.10843166,0.222222222,0.071428571,0.107404156,0.129284989
66,Robert Horry\horryro01,0.5,0,0,0,0,0,0,0,0,0,0,0,0,0,0.12185,0.12915
63,Gary Payton,0,0,0.190815519,0.04899931,0,0.611267606,0.260380014,0,0.398384926,0.188679245,0.294674556,0.391008526,0.444444444,0.571428571,0.132884988,0.128918276
70,Manu Ginóbili,0,0,0.522565321,0,0,0.21971831,0,0,0.004037685,0.309074573,0.500591716,0.262165188,0.055555556,0.071428571,0.114879617,0.128537143
91,Vern Mikkelsen,0.125,0,0.361836896,0,0,0,0.066150598,0.156445557,0,0.163522013,0,0,0.277777778,0.214285714,0.097207797,0.12728139
77,Dennis Rodman,0.25,0,0.200316706,0,0,0.014084507,0.004926108,0.388610763,0,0,0.014201183,0.033502713,0.055555556,0.071428571,0.108673379,0.124991651
92,Connie Hawkins,0,0,0.327790974,0.212560386,0,0,0.316678395,0.121401752,0.052489906,0.279424978,0.069822485,0,0.222222222,0.142857143,0.096766241,0.12436838
85,Kevin McHale,0,0,0.443388757,0.15320911,0,0.098591549,0,0.026282854,0,0.291105121,0.20591716,0.147790888,0.333333333,0,0.100479684,0.124228522
111,Clyde Lovellette,0,0,0.423594616,0.092477571,0,0,0,0.159574468,0,0.428571429,0,0,0.166666667,0,0.084494312,0.122556612
80,Chris Bosh,0,0,0.277909739,0.249827467,0,0,0.293455313,0.099499374,0,0.339622642,0.130177515,0.120661442,0.555555556,0,0.103078949,0.12227633
73,Elvin Hayes,0,0,0,0.36783989,0,0.566197183,0.477128783,0.349186483,0,0.085354897,0,0.037119972,0.611111111,0.357142857,0.11346612,0.120450382
68,Ray Allen,0,0,0.206650831,0.222222222,0,0.561971831,0.285714286,0,0,0.159928122,0.25443787,0.348376539,0.5,0.071428571,0.121021273,0.11995096
105,Amar'e Stoudemire,0,0,0.355502771,0.226363009,0,0,0,0.058197747,0,0.452830189,0.062721893,0.041512359,0.277777778,0.285714286,0.088385138,0.119136957
58,Jason Kidd,0,0,0.067300079,0,0,0.690140845,0.312456017,0,0.663526245,0.101527403,0.359763314,0.485057273,0.5,0.357142857,0.137508419,0.118724449
86,LaMarcus Aldridge,0,0,0.243072051,0.26984127,0,0.143661972,0.198451795,0.089486859,0,0.364779874,0.112426036,0.131168719,0.333333333,0.285714286,0.099694315,0.117433781
95,Jerry Lucas,0,0,0.180522565,0.091097308,0,0,0.504574243,0.544430538,0,0.1868823,0,0,0.333333333,0.285714286,0.095212171,0.115035599
81,Willis Reed,0,0,0.250197941,0.21463078,0.2,0,0.275158339,0.377346683,0,0.160826595,0,0,0.333333333,0.285714286,0.102714741,0.114540798
84,Chauncey Billups,0,0,0.406967538,0,0,0.2,0.004222379,0,0.220726783,0.18328841,0.29112426,0.227542847,0.222222222,0.142857143,0.100888273,0.114016456
90,Bob McAdoo,0,0,0.211401425,0.443064182,0,0,0.116819141,0.158948686,0,0.354896676,0.164497041,0.086297477,0.222222222,0.071428571,0.097389228,0.11268884
120,Zelmo Beaty,0,0,0.374505146,0.102139406,0,0,0.125967628,0.247809762,0,0.176999102,0,0,0.222222222,0.071428571,0.082122235,0.112294765
89,Marques Johnson,0,0,0.296120348,0.308488613,0,0,0.190007037,0.003754693,0,0.299191375,0.299408284,0.125312204,0.222222222,0.142857143,0.098503013,0.110954989
71,Tracy McGrady,0,0,0.222486144,0.273982057,0,0.052112676,0.076706545,0,0.091520861,0.480682839,0.524260355,0.331840496,0.333333333,0.428571429,0.114042265,0.109870479
97,David Thompson,0,0,0.255740301,0.485852312,0,0,0.083743842,0,0,0.281221923,0.184615385,0.035483593,0.222222222,0.142857143,0.092469575,0.109830738
103,Sidney Moncrief,0,0,0.499604117,0,0,0,0,0,0,0.171608266,0.343195266,0.137972612,0.222222222,0.285714286,0.089257593,0.108331128
83,George Mikan,0.25,0,0,0.517598344,0,0,0,0,0,0,0,0,0.166666667,0.357142857,0.101866201,0.107996636
94,Larry Nance,0,0,0.372921615,0.09799862,0,0.026760563,0.125263899,0.067584481,0,0.282120395,0.337278107,0.227026096,0.111111111,0,0.096107169,0.107119814
101,Brad Daugherty,0,0,0.253365004,0.229813665,0,0,0.349049965,0.164580726,0,0.185983827,0.170414201,0.035569718,0.222222222,0,0.091280412,0.107106996
117,Alonzo Mourning,0,0,0.329374505,0.100069013,0,0,0,0.100750939,0,0.400718778,0.169230769,0.090173112,0.333333333,0.071428571,0.082557986,0.104380921
122,Chet Walker,0,0,0.350752177,0.180814355,0,0.184507042,0.057002111,0.01126408,0,0.073674753,0,0,0.333333333,0,0.076769539,0.103237669
109,Billy Cunningham,0,0,0.129849565,0.383022774,0,0,0.230119634,0.215894869,0.071332436,0.292902066,0,0,0.222222222,0.285714286,0.084738824,0.103071281
75,Isiah Thomas,0,0,0,0.248447205,0,0.109859155,0.330049261,0,0.740242261,0.119496855,0.222485207,0.210662303,0.611111111,0.285714286,0.109840354,0.101863113
114,Mel Daniels,0,0,0.113222486,0.193236715,0,0,0.251231527,0.500625782,0,0.296495957,0,0,0.333333333,0.285714286,0.083350855,0.10068154
88,Carmelo Anthony,0,0,0,0.551414769,0,0.3,0.287825475,0,0,0.283917341,0.093491124,0.15984842,0.5,0.357142857,0.098971251,0.100562293
133,Cliff Hagan,0,0,0.362628662,0.144237405,0,0,0,0,0,0.271338724,0,0,0.277777778,0.071428571,0.069297052,0.099850208
124,Andre Drummond,0,0,0.255740301,0,0,0,0,0.433667084,0,0.475292004,0.084023669,0,0.055555556,0,0.074282668,0.099578409
82,Chris Webber,0,0,0.060174188,0.348516218,0,0,0.389162562,0.179599499,0.064602961,0.3737646,0.314792899,0.214882439,0.222222222,0.285714286,0.10216553,0.098441472
129,DeAndre Jordan,0,0,0.402216944,0,0,0,0,0.243429287,0,0.165318958,0.073372781,0.032124709,0,0.142857143,0.071170713,0.097973914
99,Jim Loscutoff\loscuji01,0.375,0,0,0,0,0,0,0,0,0,0,0,0,0,0.0913875,0.0968625
106,Dave Cowens,0,0,0.125890736,0.138716356,0,0,0.493314567,0.420525657,0.00538358,0.021563342,0.177514793,0.037292223,0.388888889,0.142857143,0.087830197,0.092468892
108,Slater Martin,0.25,0,0,0,0,0,0.30190007,0,0.064602961,0,0,0,0.333333333,0.285714286,0.086609594,0.091782912
104,Paul George,0,0,0.2304038,0.295376121,0,0,0.135116115,0,0,0.221922731,0.390532544,0.137369736,0.277777778,0.285714286,0.089155531,0.091704661
100,John Wall,0,0,0,0.231884058,0,0,0.300492611,0,0.734858681,0.238095238,0.210650888,0.05537852,0.222222222,0,0.091359562,0.091086739
115,Mark Price,0,0,0.269200317,0,0,0,0,0,0.401076716,0.255166217,0.349112426,0.120489191,0.166666667,0.214285714,0.083115801,0.090455054
119,Pete Maravich,0,0,0,0.594202899,0,0,0.377199156,0,0.222072678,0.143755615,0,0,0.222222222,0.214285714,0.082471322,0.090216633
112,Bobby Jones,0,0,0.406175772,0,0,0.056338028,0,0,0,0.123989218,0.421301775,0.205753165,0.222222222,0,0.083508127,0.09019135
137,John Drew,0,0,0.216152019,0.349206349,0,0,0,0,0,0.355795148,0.074556213,0.013693911,0.055555556,0,0.068105478,0.08827253
107,Shawn Marion,0,0,0.200316706,0,0,0.369014085,0.203377903,0.111389237,0,0.182389937,0.229585799,0.262509689,0.166666667,0.071428571,0.086775111,0.088024536
110,Wes Unseld,0,0,0.184481394,0,0,0.116901408,0.339197748,0.443053817,0.01615074,0,0.253254438,0.070622685,0.222222222,0,0.084494691,0.087682288
121,Dikembe Mutombo,0,0,0.224861441,0,0,0.415492958,0,0.214017522,0,0.038634322,0.106508876,0.145293256,0.388888889,0.142857143,0.077288752,0.08595542
102,Tim Hardaway,0,0,0.071258907,0.144927536,0,0,0.262491203,0,0.594885599,0.164420485,0.279289941,0.193437258,0.222222222,0.285714286,0.090626829,0.084993588
125,Elton Brand,0,0,0.209817894,0.01863354,0,0.221126761,0.099225897,0.102002503,0,0.335130279,0.173964497,0.173800706,0.055555556,0,0.0740324,0.083659603
113,Terry Porter,0,0,0.203483769,0,0,0.525352113,0,0,0.250336474,0.035938904,0.24852071,0.225389717,0.055555556,0,0.083442427,0.082542558
116,Alex English,0,0,0.022169438,0.403036577,0,0.411267606,0.022519353,0,0,0.277628032,0.143195266,0.181896477,0.388888889,0.142857143,0.082976115,0.081984879
146,Jimmy Jones,0,0,0.293745051,0.064872326,0,0,0.183673469,0,0.095558546,0.026055705,0.024852071,0,0.277777778,0.142857143,0.061624645,0.081966452
118,Stephon Marbury,0,0,0,0.250517598,0,0,0.429978888,0,0.523553163,0.176100629,0.124260355,0.116785807,0.055555556,0.071428571,0.082473905,0.081444503
98,Vince Carter,0,0,0.04354711,0.07384403,0,0.901408451,0,0,0,0.16621743,0.259171598,0.351218672,0.388888889,0.071428571,0.09200615,0.079511277
123,Kyle Lowry,0,0,0.255740301,0,0,0.009859155,0,0,0.32705249,0.142857143,0.293491124,0.179484971,0.277777778,0,0.075626269,0.07942104
168,Larry Foust,0,0,0.228820269,0,0,0,0,0.183354193,0,0.305480683,0,0,0.388888889,0.071428571,0.055551307,0.078129543
126,DeMarcus Cousins,0,0,0,0.387853692,0,0,0.02885292,0.246558198,0,0.504941599,0.222485207,0.034536216,0.166666667,0.071428571,0.072684727,0.076850402
136,Tiny Archibald,0,0,0.034045922,0.219461698,0,0,0.280084448,0,0.488559892,0.108715184,0,0,0.277777778,0.285714286,0.06858411,0.076774682
135,Tony Parker,0,0,0.121931908,0,0,0.497183099,0,0,0.248990579,0.131176999,0.040236686,0.111962794,0.277777778,0.214285714,0.06867607,0.076497246
131,Jack Sikma,0,0,0.173396675,0,0,0.290140845,0.125263899,0.178973717,0,0.045822102,0.142011834,0.171303075,0.333333333,0,0.070324073,0.073322458
144,Al Horford,0,0,0.264449723,0,0,0,0.075299085,0.085732165,0,0.172506739,0.237869822,0.140470244,0.222222222,0,0.064369903,0.072259963
132,George McGinnis,0,0,0.022961203,0.315389924,0,0,0.132301196,0.254067584,0,0.293800539,0.158579882,0.055120145,0.277777778,0.285714286,0.069370627,0.072255868
172,Tyson Chandler,0,0,0.243863816,0,0,0.364788732,0,0.13204005,0,0,0,0,0,0,0.054475443,0.07193901
128,Gilbert Arenas,0,0,0.024544735,0.347135956,0,0,0.244194229,0,0.203230148,0.250673854,0.210650888,0.044182241,0.111111111,0.142857143,0.07123111,0.071886721
148,Spencer Haywood,0,0,0.03087886,0.320220842,0,0,0.228712175,0.210888611,0,0.205750225,0,0,0.222222222,0.285714286,0.061241824,0.070705933
142,Dave Bing,0,0,0,0.32505176,0,0,0.336382829,0,0.30013459,0.076370171,0,0,0.333333333,0.142857143,0.064665341,0.07001745
134,Jeff Hornacek,0,0,0.235154394,0,0,0.247887324,0,0,0.153432032,0.079964061,0.253254438,0.214710189,0,0,0.068711715,0.069871208
154,Detlef Schrempf,0,0,0.255740301,0,0,0.330985915,0,0,0,0.039532794,0.123076923,0.130910344,0.111111111,0,0.060381459,0.069780204
159,Paul Westphal,0,0,0.244655582,0,0,0,0,0,0.080753701,0.238095238,0.240236686,0.066316424,0.222222222,0.214285714,0.058410352,0.068857214
141,Jim Pollard,0.25,0,0,0,0,0,0,0,0,0,0,0,0.166666667,0.214285714,0.06474881,0.068625
178,Shawn Kemp,0,0,0.178147268,0,0,0.211267606,0,0.093867334,0,0.206648697,0,0.019722677,0.277777778,0.142857143,0.050849763,0.06750773
127,Maurice Cheeks,0,0,0.145684877,0,0,0.281690141,0.004222379,0,0.397039031,0,0.240236686,0.215140815,0.166666667,0,0.071873102,0.066935295
143,Terrell Brandon,0,0,0.1797308,0,0,0,0,0,0.31359354,0.261455526,0.331360947,0.113168547,0.055555556,0,0.064442574,0.06655004
167,Isaiah Thomas,0,0,0.150435471,0.171152519,0,0,0,0,0.160161507,0.272237197,0.179881657,0,0.055555556,0,0.05596488,0.066374621
130,Grant Hill,0,0,0.108471892,0.07384403,0,0.176056338,0.161857847,0,0.051144011,0.202156334,0.261538462,0.228317974,0.333333333,0.285714286,0.070519518,0.065921786
181,Kiki Vandeweghe,0,0,0.187648456,0.282953761,0,0,0,0,0,0.142857143,0.010650888,0.005253639,0.055555556,0,0.049510207,0.065581012
173,Paul Millsap,0,0,0.225653207,0,0,0.123943662,0,0.026908636,0,0.194968553,0.150295858,0.103694772,0.166666667,0,0.054402721,0.064708761
175,Joakim Noah,0,0,0.27949327,0,0,0,0,0.134543179,0,0.075471698,0.202366864,0.032210835,0.055555556,0,0.052891071,0.064683808
149,Ron Harper\harpero01,0.25,0,0,0,0,0,0,0,0,0,0,0,0,0,0.060925,0.064575
150,Larry Siegfried\siegfla01,0.25,0,0,0,0,0,0,0,0,0,0,0,0,0,0.060925,0.064575
151,Michael Cooper\coopemi01,0.25,0,0,0,0,0,0,0,0,0,0,0,0,0,0.060925,0.064575
152,Steve Kerr\kerrst01,0.25,0,0,0,0,0,0,0,0,0,0,0,0,0,0.060925,0.064575
153,Derek Fisher\fishede01,0.25,0,0,0,0,0,0,0,0,0,0,0,0,0,0.060925,0.064575
164,Buck Williams,0,0,0.091844814,0,0,0.571830986,0.063335679,0.190863579,0,0,0,0.039445354,0.111111111,0,0.05630725,0.063475753
155,Hal Greer,0,0,0,0.249137336,0,0.311267606,0.27234342,0,0.039030956,0,0,0,0.5,0.428571429,0.059846629,0.06342156
162,Horace Grant,0,0,0.1797308,0,0,0.371830986,0.109781844,0.075093867,0,0,0.073372781,0.13711136,0,0,0.057496018,0.063213737
170,Bill Laimbeer,0,0,0.197941409,0,0,0.235211268,0.014074595,0.17709637,0,0,0.076923077,0.104556024,0.166666667,0,0.055161192,0.062928552
145,Steve Francis,0,0,0,0.173222912,0,0,0.420126671,0,0.30551817,0.141060198,0.164497041,0.047713375,0.111111111,0,0.063952056,0.062254849
185,Roger Brown,0,0,0.172604909,0.118702553,0,0,0.27234342,0,0.009421265,0.038634322,0,0,0.166666667,0.142857143,0.048438124,0.062145866
169,Sam Cassell,0,0,0.131433096,0.008281573,0,0.129577465,0,0,0.298788694,0.242587601,0.125443787,0.100680389,0,0,0.055258237,0.062128949
158,Geoff Petrie,0,0,0,0.427191166,0,0,0.42575651,0,0.114401077,0,0,0,0.055555556,0,0.058561982,0.062080487
160,Lenny Wilkens,0,0,0,0.060041408,0,0.247887324,0.263898663,0,0.395693136,0,0,0,0.444444444,0,0.058389738,0.061859243
147,Deron Williams,0,0,0.034837688,0.04899931,0,0,0.18085855,0,0.580080754,0.132075472,0.131360947,0.095857377,0.111111111,0.071428571,0.061594102,0.061019911
139,Chris Mullin,0,0,0.116389549,0.175293306,0,0.11971831,0.072484166,0,0,0.179694519,0.278106509,0.210403927,0.222222222,0.214285714,0.065527752,0.060722006
196,Larry Jones,0,0,0.148060174,0.237405107,0,0,0,0,0,0.187780773,0,0,0.166666667,0.142857143,0.045129182,0.060115935
140,Kemba Walker,0,0,0,0.298136646,0,0,0.161857847,0,0.224764468,0.23539982,0.255621302,0.08965636,0.166666667,0,0.065060032,0.060098165
138,Mark Jackson,0,0,0,0,0,0.556338028,0,0,0.566621803,0,0.121893491,0.175609336,0,0,0.067627825,0.060078351
156,Bernard King,0,0,0,0.473429952,0,0,0.145672062,0,0,0.215633423,0.105325444,0.085263974,0.166666667,0.214285714,0.059607467,0.059969473
165,Nate Thurmond,0,0,0,0,0,0.088732394,0.396199859,0.506257822,0,0,0,0,0.333333333,0,0.056288432,0.059628669
195,Roger Brown,0,0,0.172604909,0.118702553,0,0,0.27234342,0,0.009421265,0.038634322,0,0,0,0.142857143,0.045321457,0.058845866
203,David Lee,0,0,0.206650831,0,0,0,0,0.120150188,0,0.21114106,0.043786982,0.017655671,0.055555556,0,0.042011721,0.058274613
157,Mitch Richmond,0,0,0,0.370600414,0,0.105633803,0.250527797,0,0,0.07277628,0.072189349,0.104383774,0.277777778,0.285714286,0.059513095,0.057629594
198,Carlos Boozer,0,0,0.150435471,0.041407867,0,0,0,0.162703379,0,0.240790656,0.075739645,0.05124451,0.055555556,0,0.043811896,0.054933455
177,Charlie Scott,0,0,0,0.349206349,0,0,0.282195637,0,0.153432032,0,0,0,0.222222222,0.071428571,0.051114277,0.054181477
163,Andre Miller,0,0,0,0,0,0.567605634,0,0,0.374158816,0.058400719,0.06035503,0.139522866,0,0,0.05703793,0.05378916
182,Reggie Theus,0,0,0,0.200138026,0,0.176056338,0.15059817,0,0.34051144,0,0,0.012057532,0.055555556,0,0.049343053,0.051823744
194,Peja Stojaković,0,0,0.1797308,0.092477571,0,0,0.137227305,0,0,0.030548068,0.127810651,0.077771079,0.111111111,0,0.045878694,0.051697607
189,Glenn Robinson,0,0,0,0.349206349,0,0,0.369458128,0,0,0.064690027,0,0,0.055555556,0,0.046794458,0.050862835
187,Antawn Jamison,0,0,0,0.198757764,0,0.256338028,0.222378607,0.038798498,0,0.122192273,0,0.063732667,0.055555556,0,0.048068898,0.050837577
166,Eddie Jones,0,0,0.182897862,0,0,0.074647887,0.194933146,0,0,0,0.280473373,0.216949444,0.111111111,0,0.05598623,0.050641588
174,Ben Wallace,0,0,0.124307205,0,0,0.263380282,0,0.170212766,0,0,0.2,0.163724055,0.166666667,0.285714286,0.054283664,0.050618368
213,Cedric Maxwell,0,0,0.271575614,0,0,0,0,0,0,0,0.10887574,0.043234863,0,0,0.038307321,0.050513064
210,Jack Twyman,0,0,0.106888361,0.249827467,0,0,0.012667136,0,0,0.08984726,0,0,0.277777778,0.071428571,0.039935076,0.050309065
188,Walter Davis,0,0,0.030087094,0.225672878,0,0.185915493,0,0,0,0.205750225,0.082840237,0.07053656,0.277777778,0.071428571,0.047601987,0.05023595
161,Andrei Kirilenko,0,0,0.214568488,0,0,0,0,0,0,0.175202156,0.487573964,0.211351305,0,0,0.057935979,0.050124024
192,Sam Perkins,0,0,0.110847189,0,0,0.542253521,0,0,0,0,0.044970414,0.10283352,0,0,0.046165294,0.049628141
180,Joe Johnson,0,0,0,0.02484472,0,0.528169014,0.216748768,0,0.02153432,0,0,0.080182585,0.333333333,0,0.049640872,0.049471026
191,Norm Nixon,0,0,0,0.005521049,0,0,0.27375088,0,0.613728129,0,0,0,0.055555556,0,0.046247469,0.048994758
202,Lou Hudson,0,0,0.049881235,0.3126294,0,0,0.133004926,0,0,0.058400719,0,0,0.277777778,0,0.04219935,0.048776903
254,Derrick Favors,0,0,0.182897862,0,0,0,0,0.028785982,0,0.194968553,0.015384615,0,0,0,0.031212846,0.046925719
199,Michael Redd,0,0,0.073634204,0.234644582,0,0,0.026038001,0,0,0.242587601,0.173964497,0.036861597,0,0,0.04344096,0.04685366
193,Bradley Beal,0,0,0,0.36783989,0,0,0.208304011,0,0.02960969,0.090745732,0.099408284,0,0.055555556,0,0.046075247,0.046743635
179,Rasheed Wallace,0,0,0.118764846,0,0,0.292957746,0.076706545,0,0,0.02066487,0.168047337,0.182843855,0.166666667,0,0.049731985,0.046372063
197,Latrell Sprewell,0,0,0,0.18426501,0,0.016901408,0.495425757,0,0.033647376,0,0,0.032899836,0.166666667,0,0.044941768,0.04634794
171,Rod Strickland,0,0,0,0,0,0.271830986,0,0,0.476446837,0.107816712,0.182248521,0.167513565,0,0,0.054581172,0.046318578
183,Marc Gasol,0,0,0.149643705,0,0,0,0.110485574,0.04505632,0,0.131176999,0.276923077,0.157006287,0.111111111,0.071428571,0.048939828,0.04625284
240,Calvin Natt,0,0,0.171813143,0.106970324,0,0,0,0,0,0.104222821,0.056804734,0,0,0,0.034186694,0.046066906
209,David West,0,0,0.13618369,0,0,0.187323944,0,0,0,0.164420485,0.115976331,0.090173112,0.055555556,0,0.040508799,0.046037712
186,Vlade Divac,0,0,0.09976247,0,0,0.328169014,0,0.081977472,0,0.084456424,0.175147929,0.165015933,0,0,0.04831734,0.045422466
230,Donnie Freeman,0,0,0.064924782,0.224292616,0,0,0.06052076,0,0,0.128481581,0,0,0.222222222,0.214285714,0.036337624,0.044798722
225,John Brisker,0,0,0,0.349206349,0,0,0,0,0,0.299191375,0,0,0.055555556,0,0.036743022,0.044768254
204,Kevin Willis,0,0,0,0,0,0.736619718,0,0.090738423,0,0,0,0,0,0,0.041781586,0.044263661
176,Baron Davis,0,0,0,0.032436163,0,0,0.186488388,0,0.465679677,0.09344115,0.214201183,0.137197485,0.055555556,0,0.052595478,0.043874566
236,Brad Miller,0,0,0.201900238,0,0,0,0,0.014392991,0,0.06918239,0.117159763,0.052450263,0.055555556,0,0.034858395,0.043456803
223,Zach Randolph,0,0,0,0.070393375,0,0.302816901,0,0.140175219,0,0.229110512,0,0.014210662,0.055555556,0,0.037323729,0.043443764
212,DeMar DeRozan,0,0,0,0.303657695,0,0,0.180154821,0,0,0.123989218,0,0,0.166666667,0.071428571,0.038499569,0.043221547
218,Terry Cummings,0,0,0.038004751,0.056590752,0,0.397183099,0,0.023779725,0,0.135669362,0,0.046076996,0.055555556,0.071428571,0.037789515,0.043099884
208,Derrick Rose,0,0,0,0.216701173,0,0,0.067558058,0,0.246298789,0.133872417,0.067455621,0,0.111111111,0,0.040658731,0.043070361
255,Ricky Pierce,0,0,0.175771971,0,0,0.095774648,0,0,0,0.086253369,0.041420118,0.012402033,0,0,0.031157914,0.042846102
281,Terry Dischinger,0,0,0.216943785,0,0,0,0,0,0,0,0,0,0.111111111,0,0.028219504,0.042551544
245,Dale Davis,0,0,0.131433096,0,0,0.271830986,0,0.060075094,0,0,0,0.011282405,0,0,0.033013009,0.042203531
242,Calvin Murphy,0,0,0.060965954,0.157349896,0,0.142253521,0,0,0.084791386,0.109613657,0,0,0,0,0.033975359,0.041694023
215,Bob Dandridge,0,0,0.050673001,0.198757764,0,0,0.251231527,0,0,0,0.059171598,0,0.166666667,0,0.038153603,0.041092773
214,Jamal Mashburn,0,0,0,0.236714976,0,0,0.398311049,0,0.025572005,0,0,0,0,0,0.038165515,0.040455038
271,Greg Monroe,0,0,0.097387173,0,0,0,0,0.085106383,0,0.296495957,0.079289941,0,0,0,0.029824369,0.03995292
222,Gail Goodrich,0,0,0,0.204968944,0,0.183098592,0.065446868,0,0.121130552,0,0,0,0.222222222,0,0.037335995,0.039570834
238,A.C. Green,0,0,0.050673001,0,0,0.530985915,0,0.031289111,0,0,0,0,0,0,0.034500985,0.039506892
190,Jason Terry,0,0,0,0,0,0.716901408,0,0,0.01076716,0,0.089940828,0.174575833,0,0,0.046455024,0.038930268
226,Dave DeBusschere,0,0,0,0.029675638,0,0,0.286418015,0.255319149,0,0,0,0,0.388888889,0,0.036730984,0.038911579
227,Jo Jo White,0,0,0,0.108350587,0,0,0.294159043,0,0.152086137,0,0,0,0.333333333,0.071428571,0.036675651,0.038861246
228,Darel Carrier,0,0,0,0.303657695,0,0,0.257565095,0,0,0,0,0,0.111111111,0,0.03658378,0.038784425
233,Shareef Abdur-Rahim,0,0,0,0.171152519,0,0,0.225897255,0.038172716,0,0.201257862,0.028402367,0.041167858,0,0,0.035392523,0.038714631
207,Marcus Camby,0,0,0.098178939,0,0,0.101408451,0,0.179599499,0,0.092542677,0.184615385,0.122470071,0,0,0.040687816,0.038690446
229,Norm Van Lier,0,0,0,0,0,0,0.245601689,0,0.434724092,0,0,0,0.111111111,0,0.03643423,0.038597429
219,Mark Aguirre,0,0,0,0.301587302,0,0.030985915,0,0,0,0.201257862,0.084023669,0.062526914,0.111111111,0,0.037759517,0.038240286
285,Larry Costello,0,0,0.141726049,0,0,0,0,0,0.106325707,0,0,0,0.277777778,0,0.027641882,0.03754947
232,Paul Silas,0,0,0,0,0,0.497183099,0,0.183979975,0,0,0,0,0.055555556,0,0.035437624,0.037542224
239,Otis Thorpe,0,0,0.031670625,0,0,0.501408451,0.006333568,0.083854819,0,0,0,0.016708294,0,0,0.034305145,0.037541167
275,Swen Nater,0,0,0.088677751,0,0,0,0,0.290362954,0,0.070979335,0,0,0.055555556,0.071428571,0.029228543,0.037516575
234,Charles Oakley,0,0,0,0,0,0.536619718,0,0.163329161,0,0,0,0,0,0,0.035347418,0.037447265
253,Anthony Mason,0,0,0.113222486,0,0,0,0.218859958,0.083854819,0,0,0.028402367,0.052105762,0,0,0.031885054,0.037254623
237,Andrew Wiggins,0,0,0,0.280883368,0,0,0.294862773,0,0,0,0,0,0,0,0.034777112,0.036869499
221,Glen Rice,0,0,0,0.187025535,0,0.13943662,0.238564391,0,0,0,0.008284024,0.067091551,0.111111111,0.071428571,0.037410235,0.036718672
251,Nikola Vučević,0,0,0.020585907,0.028295376,0,0,0,0.2077597,0,0.32884097,0.136094675,0.004909138,0,0,0.032219083,0.036240534
241,Mel Hutchins,0,0,0,0,0,0,0.446164673,0.167083855,0,0,0,0,0.166666667,0,0.034085717,0.036108796
224,Clifford Robinson,0,0,0,0,0,0.674647887,0,0,0,0,0,0.081646714,0,0,0.037066153,0.036093662
313,Anderson Varejão,0,0,0.188440222,0,0,0,0,0.017521902,0,0,0,0,0,0,0.023591903,0.035987303
258,Rudy Tomjanovich,0,0,0.05621536,0.124223602,0,0,0.133004926,0.072590738,0,0.013477089,0,0,0.222222222,0,0.030601728,0.035970332
217,Rajon Rondo,0,0,0,0,0,0,0,0,0.605652759,0,0.068639053,0.04943588,0.166666667,0,0.038035481,0.035702423
216,James Worthy,0,0,0.045922407,0.137336094,0,0.035211268,0.057002111,0,0,0.085354897,0.128994083,0.103694772,0.333333333,0.071428571,0.038055074,0.035615115
317,Julian Hammond,0,0,0.190815519,0,0,0,0,0,0,0,0,0,0,0,0.02299327,0.035491686
200,Gus Williams,0,0,0.023752969,0.100069013,0,0,0,0,0.243606999,0.155435759,0.25443787,0.126431832,0.055555556,0.071428571,0.043206286,0.035378114
205,Doc Rivers,0,0,0.116389549,0,0,0,0,0,0.255720054,0,0.279289941,0.115407803,0,0,0.041424211,0.035329479
243,Eddie Johnson,0,0,0,0.026915114,0,0.41971831,0,0,0.179004038,0,0,0,0.055555556,0,0.033179958,0.035152971
201,Derek Harper,0,0,0,0,0,0.41971831,0,0,0.232839838,0,0.115976331,0.160279046,0,0,0.043092759,0.034911861
273,Willie Wise,0,0,0.019794141,0.137336094,0,0,0.127375088,0.086357947,0,0.116801438,0,0,0.111111111,0.071428571,0.029502213,0.034689892
247,World B. Free,0,0,0,0.320220842,0,0,0,0,0,0.179694519,0.055621302,0.04202911,0,0,0.032850195,0.034524776
206,Micheal Ray Richardson,0,0,0,0,0,0,0.129486277,0,0.437415882,0.015274034,0.207100592,0.034966842,0.166666667,0,0.041189658,0.034519742
250,Caldwell Jones,0,0,0,0,0,0.56056338,0,0.082603254,0,0,0,0,0,0,0.032479915,0.034409415
252,Guy Rodgers,0,0,0,0,0,0,0.038001407,0,0.537012113,0,0,0,0.166666667,0,0.032154849,0.034063223
291,Al Jefferson,0,0,0.042755344,0.003450656,0,0.01971831,0,0.093241552,0,0.339622642,0.053254438,0.036172595,0,0,0.026846921,0.034054991
235,Joe Dumars,0,0,0,0.033126294,0,0.164788732,0.206192822,0,0.103633917,0,0.009467456,0.070794936,0.277777778,0.142857143,0.034924926,0.033879712
184,Mookie Blaylock,0,0,0,0,0,0,0.232934553,0,0.398384926,0.000898473,0.265088757,0.190164499,0,0,0.048622402,0.033827973
277,Danilo Gallinari,0,0,0.155186065,0.038647343,0,0,0,0,0,0.033243486,0.146745562,0.015244165,0,0,0.028601212,0.033705119
295,Steve Mix,0,0,0.1797308,0,0,0,0,0,0,0,0.125443787,0,0,0,0.026261348,0.033429929
298,Mack Calvin,0,0,0.079176564,0.033816425,0,0,0,0,0.138627187,0.059299191,0,0,0.222222222,0.214285714,0.025974631,0.033290152
249,Larry Johnson,0,0,0.048297704,0.039337474,0,0,0.33356791,0.036921151,0,0,0.073372781,0.041253983,0.055555556,0,0.032560355,0.032858782
244,Dennis Johnson,0,0,0,0,0,0.28028169,0.077410274,0,0.166890983,0,0,0.062096288,0.222222222,0.071428571,0.033161642,0.032715188
331,Zydrunas Ilgauskas,0,0,0.114014252,0,0,0,0,0.026908636,0,0.153638814,0,0,0.055555556,0,0.021775037,0.032703406
260,Manu Ginóbili\ginobma01,0.125,0,0,0,0,0,0,0,0,0,0,0,0,0,0.0304625,0.0322875
261,Horace Grant\grantho01,0.125,0,0,0,0,0,0,0,0,0,0,0,0,0,0.0304625,0.0322875
262,Tony Parker\parketo01,0.125,0,0,0,0,0,0,0,0,0,0,0,0,0,0.0304625,0.0322875
263,Will Perdue\perduwi01,0.125,0,0,0,0,0,0,0,0,0,0,0,0,0,0.0304625,0.0322875
264,Pep Saul\saulpe01,0.125,0,0,0,0,0,0,0,0,0,0,0,0,0,0.0304625,0.0322875
265,John Salley\sallejo01,0.125,0,0,0,0,0,0,0,0,0,0,0,0,0,0.0304625,0.0322875
266,Kurt Rambis\rambiku01,0.125,0,0,0,0,0,0,0,0,0,0,0,0,0,0.0304625,0.0322875
267,Warren Jabali,0,0,0,0.104899931,0,0,0.180154821,0,0.212651413,0,0,0,0.166666667,0,0.030380297,0.032193118
307,Happy Hairston,0,0,0.110847189,0,0,0,0,0.214017522,0,0,0,0,0,0,0.024164971,0.032067515
257,Jamal Crawford,0,0,0,0,0,0.598591549,0,0,0,0,0,0.010593403,0,0,0.030617651,0.032024648
270,Tom Chambers,0,0,0,0.171152519,0,0.290140845,0,0,0,0,0,0,0.166666667,0.071428571,0.030122092,0.031926089
326,Jim Eakins,0,0,0.164687253,0,0,0,0,0.02252816,0,0,0.026035503,0,0,0,0.021937989,0.031837086
310,Kevin Martin,0,0,0.097387173,0.119392685,0,0,0,0,0,0.080862534,0.024852071,0,0,0,0.024067882,0.031794691
322,John Beasley,0,0,0.050673001,0,0,0,0,0.093867334,0,0.2524708,0,0,0.111111111,0.071428571,0.022425567,0.031616128
330,James Silas,0,0,0.140934283,0.033126294,0,0,0,0,0.01076716,0.016172507,0.001183432,0,0.055555556,0.071428571,0.02178323,0.031570462
334,Marcin Gortat,0,0,0.142517815,0,0,0,0,0.065081352,0,0.02425876,0,0,0,0,0.021350301,0.031404452
272,Gus Johnson,0,0,0,0.041407867,0,0,0.106966925,0.323529412,0,0,0,0,0.222222222,0.214285714,0.02953444,0.031291285
231,Mike Conley,0,0,0.05621536,0,0,0,0.057705841,0,0.254374159,0.066486972,0.184615385,0.104728275,0,0,0.035592975,0.031028527
276,Kevin Porter,0,0,0,0,0,0,0,0,0.578734859,0,0,0,0,0,0.02922611,0.030962315
304,Red Robbins,0,0,0.039588282,0,0,0,0.028149191,0.22465582,0,0.106918239,0,0,0.166666667,0.071428571,0.024813321,0.030671822
347,Jeff Foster,0,0,0.163103721,0,0,0,0,0,0,0,0,0,0,0,0.019653998,0.030337292
348,Amir Johnson,0,0,0.163103721,0,0,0,0,0,0,0,0,0,0,0,0.019653998,0.030337292
282,Levern Tart,0,0,0,0.260179434,0,0,0.158339198,0,0,0.02066487,0,0,0.055555556,0,0.028214123,0.030315384
278,Klay Thompson,0,0,0,0.267080745,0,0,0.104152006,0,0,0,0,0,0.222222222,0.071428571,0.028560263,0.030279896
280,Monta Ellis,0,0,0,0.152518979,0,0,0.228008445,0,0.117092867,0,0,0,0,0,0.02822596,0.029917095
319,George Hill,0,0,0.160728424,0,0,0,0,0,0,0,0.081656805,0.014985789,0,0,0.022914558,0.029895487
305,Brook Lopez,0,0,0.049881235,0.082125604,0,0,0,0,0,0.247079964,0.074556213,0.028249074,0,0,0.02466597,0.029850304
352,Serge Ibaka,0,0,0.136975455,0,0,0,0,0.027534418,0,0.041329739,0,0,0,0,0.019412832,0.02936005
286,Derek Fisher,0,0,0,0,0,0.543661972,0,0,0,0,0,0,0,0,0.02745493,0.029085915
284,Ricky Rubio,0,0,0,0,0,0,0,0,0.542395693,0,0.014201183,0,0,0,0.027912166,0.02901817
274,Mike Bibby,0,0,0,0,0,0.14084507,0.164672766,0,0.235531629,0,0,0.0570149,0,0,0.029415445,0.028946146
292,Richie Guerin,0,0,0,0.115942029,0,0,0.054890922,0,0.162853297,0.043126685,0,0,0.277777778,0.142857143,0.026453401,0.028870848
343,Mehmet Okur,0,0,0.144893112,0,0,0,0,0.00563204,0,0.026954178,0.040236686,0,0,0,0.020209943,0.028822861
268,Brent Barry,0,0,0.150435471,0,0,0.015492958,0,0,0,0,0.220118343,0.091120489,0,0,0.030332334,0.028809871
335,Nenê Hilário,0,0,0.120348377,0,0,0.090140845,0,0,0,0.026055705,0.021301775,0.014296788,0,0,0.021316804,0.028726381
287,Antoine Walker,0,0,0,0.130434783,0,0,0.261787474,0.05068836,0,0,0,0.007406769,0.111111111,0,0.027364418,0.028713109
288,Louie Dampier,0,0,0,0.020013803,0,0.083098592,0.137227305,0,0.150740242,0,0,0,0.333333333,0.214285714,0.027096293,0.028705075
299,Earl Monroe,0,0,0.009501188,0.222222222,0,0.035211268,0.02885292,0,0.01615074,0.037735849,0,0,0.166666667,0,0.025430653,0.028247608
301,Bob Verga,0,0,0,0.317460317,0,0,0,0,0,0.068283917,0,0,0,0,0.02498221,0.027822222
296,Bill Bridges,0,0,0,0,0,0.035211268,0.123856439,0.314768461,0,0,0,0,0.111111111,0,0.026006504,0.027550235
211,Andre Iguodala,0,0,0.003167063,0,0,0.311267606,0.116115412,0,0.075370121,0,0.175147929,0.196882267,0,0,0.039424173,0.027486367
294,Muggsy Bogues,0,0,0,0,0,0,0,0,0.512786003,0,0.003550296,0.006890018,0,0,0.026278853,0.027434051
259,Michael Finley,0,0,0,0.004140787,0,0.284507042,0.201266714,0,0,0,0.027218935,0.100249763,0.055555556,0,0.030541732,0.027399869
283,Jrue Holiday,0,0,0,0.017253278,0,0,0.116819141,0,0.35666218,0.011680144,0.05443787,0.017483421,0,0,0.028200511,0.027307924
315,Dan Roundfield,0,0,0.060174188,0,0,0,0,0.145181477,0,0.105121294,0.05443787,0.022134183,0.111111111,0,0.023328578,0.027288179
256,Hersey Hawkins,0,0,0.091844814,0,0,0.115492958,0.070372977,0,0,0,0.150295858,0.132977349,0,0,0.030849656,0.027026963
327,Archie Clark,0,0,0.058590657,0.046238785,0,0,0.066150598,0,0.142664872,0,0,0,0.055555556,0,0.02191795,0.026642023
302,Johnny Moore,0,0,0,0,0,0,0,0,0.493943472,0,0,0,0,0,0.024944145,0.026425976
382,Tom Owens,0,0,0.138558987,0,0,0,0,0,0,0,0,0,0,0,0.016696358,0.025771971
300,Rolando Blackman,0,0,0,0.162180814,0,0.111267606,0.080928923,0,0,0,0,0.022823185,0.166666667,0,0.025142604,0.025762293
324,Steve Smith,0,0,0.119556611,0,0,0.057746479,0,0,0,0,0.071005917,0.064077168,0,0,0.022280318,0.025326966
246,Anfernee Hardaway,0,0,0.007917656,0,0,0,0.147079521,0,0.168236878,0.053908356,0.203550296,0.084144346,0.166666667,0.142857143,0.033002481,0.025284969
311,Nick Van Exel,0,0,0,0,0,0,0.093596059,0,0.376850606,0,0,0.004995263,0,0,0.023940883,0.025168897
248,Alvan Adams,0,0,0.042755344,0,0,0.122535211,0,0.006883605,0.040376851,0.13836478,0.239053254,0.136422358,0,0,0.032584643,0.025103229
297,Derrick Coleman,0,0,0,0.060041408,0,0,0.111189303,0.147058824,0,0.110512129,0.075739645,0.044612867,0,0.071428571,0.026000909,0.025018242
289,John Lucas,0,0,0,0,0,0.038028169,0,0,0.429340511,0,0.059171598,0.033847214,0,0,0.027015909,0.025004224
220,Fat Lever,0,0,0,0,0,0,0.005629838,0,0.333781965,0.09344115,0.30295858,0.128757213,0.055555556,0,0.037452445,0.024706151
321,Larry Kenon,0,0,0,0.11042098,0,0,0.070372977,0.125156446,0,0.02425876,0,0,0.222222222,0,0.022737893,0.024567725
373,Clifford Ray,0,0,0.096595408,0,0,0,0,0.122653317,0,0,0,0,0,0,0.017833739,0.024528698
316,Avery Johnson,0,0,0,0,0,0.215492958,0,0,0.240915209,0,0,0,0,0,0.023048612,0.024417837
318,Sidney Wicks,0,0,0,0.084195997,0,0,0.162561576,0.112640801,0,0,0,0,0.166666667,0,0.022975463,0.024346447
309,Kyle Korver,0,0,0,0,0,0.454929577,0,0,0,0,0,0.029885453,0,0,0.02407074,0.024338732
320,Mike Mitchell,0,0,0,0.286404417,0,0,0.052076003,0,0,0,0,0,0,0,0.022907271,0.024295038
314,Tree Rollins,0,0,0.026920032,0,0,0.35915493,0,0,0,0,0.039053254,0.014555163,0,0,0.023348617,0.024221915
306,Dale Ellis,0,0,0,0.00621118,0,0.433802817,0,0,0,0,0,0.050038756,0,0,0.024183216,0.02367491
325,Jeff Malone,0,0,0,0.235334714,0,0.005633803,0.083040113,0,0,0,0,0,0.055555556,0,0.022178619,0.023517691
388,Steve Kerr,0,0,0.122723674,0,0,0.012676056,0,0,0,0,0.007100592,0,0,0,0.015688935,0.023504772
344,Billy Knight,0,0,0.038796516,0.089717046,0,0,0,0,0,0.124887691,0.047337278,0.016277668,0.111111111,0,0.020022772,0.023434855
328,Larry Brown,0,0,0,0,0,0,0,0,0.391655451,0,0,0,0.111111111,0,0.021856378,0.023153567
329,Juwan Howard,0,0,0,0,0,0.432394366,0,0,0,0,0,0,0,0,0.021835915,0.023133099
332,Damon Stoudamire,0,0,0,0,0,0,0.109781844,0,0.317631225,0,0,0,0,0,0.02158436,0.022866599
341,George Thompson,0,0,0,0.202898551,0,0,0.036593948,0,0,0.055705301,0,0,0.111111111,0,0.020335374,0.022643076
333,Doug Collins,0,0,0,0.156659765,0,0,0.141449683,0,0,0,0,0,0.166666667,0,0.021351387,0.022632706
336,Billy Paultz,0,0,0,0,0,0.314084507,0,0.066332916,0,0,0,0,0.111111111,0,0.021288858,0.022552332
345,Mike Lewis,0,0,0,0,0,0,0,0.314142678,0,0.078167116,0,0,0.055555556,0,0.019771827,0.022463776
340,Johnny Green,0,0,0,0,0,0.21971831,0,0.105131414,0,0.029649596,0,0,0.166666667,0,0.020609718,0.022408032
337,Cuttino Mobley,0,0,0,0.026915114,0,0,0.378606615,0,0,0,0,0,0,0,0.021025224,0.022276779
279,Rashard Lewis,0,0,0.045922407,0,0,0.208450704,0.026741731,0,0,0,0.134911243,0.137628111,0.055555556,0,0.028451951,0.022224363
290,Draymond Green,0,0,0.057798892,0,0,0,0,0,0.161507402,0,0.236686391,0.020239428,0.111111111,0.071428571,0.02686356,0.02184124
354,P.J. Brown,0,0,0.026128266,0,0,0.264788732,0,0.05068836,0,0,0,0.002497632,0,0,0.019171712,0.021737882
355,Bob Netolicky,0,0,0,0.024154589,0,0,0.117522871,0.12640801,0,0.054806828,0,0,0.166666667,0,0.019156732,0.02135955
339,Richard Jefferson,0,0,0,0,0,0.394366197,0,0,0,0,0,0.019550426,0,0,0.020632994,0.021098592
371,Jermaine O'Neal,0,0,0,0,0,0.154929577,0,0.01689612,0,0.099730458,0,0,0.277777778,0.142857143,0.018003179,0.021006961
414,Byron Beck,0,0,0.104513064,0,0,0,0,0.008135169,0,0,0,0,0.055555556,0,0.014043539,0.020974661
349,Maurice Lucas,0,0,0,0,0,0.169014085,0,0.13767209,0,0,0,0,0.222222222,0,0.019643207,0.02080771
338,Ty Lawson,0,0,0.011084719,0,0,0,0,0,0.304172275,0.040431267,0.068639053,0,0,0,0.020699289,0.020692117
350,Goose Ligon,0,0,0,0,0,0,0.137931034,0.248435544,0,0,0,0,0,0,0.019511512,0.020670612
351,Dick McGuire,0,0,0,0,0,0,0,0,0.261103634,0,0,0,0.333333333,0,0.019419067,0.020569044
353,Randy Smith,0,0,0,0.071083506,0,0.105633803,0.044334975,0,0.113055182,0,0,0,0.055555556,0,0.019354311,0.020510153
356,Michael Cage,0,0,0,0,0,0.336619718,0,0.041927409,0,0,0,0,0,0,0.01911663,0.020252271
359,James Edwards,0,0,0,0,0,0.376056338,0,0,0,0,0,0,0,0,0.018990845,0.020119014
360,Pooh Richardson,0,0,0,0,0,0,0,0,0.374158816,0,0,0,0,0,0.01889502,0.020017497
361,Ron Boone,0,0,0,0.077294686,0,0.197183099,0,0,0,0,0,0,0.166666667,0.071428571,0.018782591,0.019904127
369,Jamaal Wilkes,0,0,0.009501188,0.142167012,0,0,0.095003519,0,0,0,0,0,0.111111111,0,0.018085773,0.019726652
363,Gerald Govan,0,0,0,0,0,0,0.145672062,0.221526909,0,0,0,0,0,0,0.018543548,0.019645145
365,Scott Skiles,0,0,0,0,0,0,0,0,0.36473755,0,0,0,0,0,0.018419246,0.019513459
366,Johnny Newman,0,0,0,0,0,0.363380282,0,0,0,0,0,0,0,0,0.018350704,0.019440845
312,Michael Adams,0,0,0,0,0,0,0,0,0.36204576,0,0.127810651,0.023512187,0,0,0.023836859,0.019369448
370,Rudy LaRusso,0,0,0,0,0,0,0.118226601,0.157071339,0,0,0,0,0.222222222,0,0.018058102,0.01912844
372,Phil Ford,0,0,0,0,0,0,0,0,0.355316285,0,0,0,0,0,0.017943472,0.019009421
362,Jerome Kersey,0,0,0,0,0,0.354929577,0,0,0,0,0,0.018516924,0,0,0.018603515,0.018988732
374,Dick Van Arsdale,0,0,0,0.051069703,0,0.028169014,0.204785362,0,0,0,0,0,0.111111111,0,0.017457709,0.018498394
434,Dave Robisch,0,0,0.08709422,0,0,0.04084507,0,0,0,0,0,0,0,0,0.01255753,0.018384736
376,Andy Phillip,0,0,0,0,0,0,0.040816327,0,0.215343203,0,0,0,0.222222222,0.071428571,0.017327326,0.018354535
378,Allan Houston,0,0,0,0.118012422,0,0,0.1513019,0,0,0,0,0,0.055555556,0,0.017034914,0.018057385
380,Julius Keye,0,0,0,0,0,0,0.079521464,0.256570713,0,0,0,0,0,0,0.016972655,0.017980931
381,Danny Schayes,0,0,0,0,0,0.333802817,0,0,0,0,0,0,0,0,0.016857042,0.017858451
293,Sam Lacey,0,0,0,0,0,0.142253521,0.015482055,0.172715895,0,0,0.18816568,0.075445698,0,0,0.026362337,0.017679154
358,Ray Williams,0,0,0,0,0,0,0,0,0.270524899,0.04851752,0.09704142,0,0,0,0.019003521,0.017301654
269,Nate McMillan,0,0,0,0,0,0,0,0,0.32166891,0,0.293491124,0.086383602,0,0,0.030185682,0.017209287
383,Brevin Knight,0,0,0,0,0,0,0,0,0.32166891,0,0,0,0,0,0.01624428,0.017209287
342,Jason Richardson,0,0,0,0.100759144,0,0,0.178043631,0,0,0,0.05443787,0.057617776,0,0,0.020237393,0.017092346
384,Slick Watts,0,0,0,0,0,0,0,0,0.31897712,0,0,0,0,0,0.016108345,0.017065276
419,Marvin Barnes,0,0,0,0.024154589,0,0,0,0.138297872,0,0.11410602,0,0,0.055555556,0,0.013920767,0.016965327
386,Jamaal Tinsley,0,0,0,0,0,0,0,0,0.31359354,0,0,0,0,0,0.015836474,0.016777254
387,Red Kerr,0,0,0,0,0,0.005633803,0,0.265331665,0,0,0,0,0.111111111,0,0.015761534,0.016696653
377,Rudy Gay,0,0,0,0.102139406,0,0.053521127,0.113300493,0,0,0,0,0.038670227,0,0,0.017075159,0.016595626
389,Victor Oladipo,0,0,0,0.120082816,0,0,0.099225897,0,0.02153432,0,0,0,0.055555556,0,0.015639143,0.016578891
346,Kenny Anderson,0,0,0,0,0,0,0,0,0.309555855,0,0.071005917,0.041253983,0,0,0.019752509,0.016561238
450,Donald Sidle,0,0,0.040380048,0,0,0,0,0.066332916,0,0.09344115,0,0,0,0,0.011644898,0.016507119
391,Hassan Whiteside,0,0,0,0,0,0,0,0.307884856,0,0,0,0,0,0,0.015548185,0.01647184
303,Lamar Odom,0,0,0,0,0,0.084507042,0.130190007,0.09261577,0,0,0.130177515,0.123072948,0,0,0.024813589,0.016441236
393,Rick Mahorn,0,0,0,0,0,0.304225352,0,0,0,0,0,0,0,0,0.01536338,0.016276056
394,Joe Barry Carroll,0,0,0,0.140786749,0,0,0.056298381,0.047559449,0,0,0,0,0,0,0.015212522,0.016129479
395,Sleepy Floyd,0,0,0,0,0,0.078873239,0,0,0.222072678,0,0,0,0,0,0.015197769,0.016100607
396,Rickey Green,0,0,0,0,0,0.063380282,0,0,0.236877524,0,0,0,0,0,0.015163019,0.016063793
397,John Bagley,0,0,0,0,0,0,0,0,0.30013459,0,0,0,0,0,0.015156797,0.016057201
399,Raymond Felton,0,0,0,0,0,0.098591549,0,0,0.200538358,0,0,0,0,0,0.01510606,0.01600345
401,Phil Chenier,0,0,0,0.106970324,0,0,0.104152006,0,0,0,0,0,0.111111111,0,0.014910953,0.015805604
402,Leroy Ellis,0,0,0,0,0,0.207042254,0,0.087609512,0,0,0,0,0,0,0.014879914,0.015763869
403,Kurt Thomas,0,0,0,0,0,0.294366197,0,0,0,0,0,0,0,0,0.014865493,0.015748592
404,Ira Harge,0,0,0,0,0,0,0,0.293491865,0,0,0,0,0,0,0.014821339,0.015701815
405,Otis Birdsong,0,0,0,0.164941339,0,0,0,0,0,0,0,0,0.166666667,0,0.014794513,0.015687095
406,Walter Dukes,0,0,0,0,0,0,0,0.271589487,0,0,0,0,0.055555556,0,0.014754158,0.015630038
407,Sherman Douglas,0,0,0,0,0,0,0,0,0.292059219,0,0,0,0,0,0.014748991,0.015625168
409,Jeff Teague,0,0,0,0,0,0,0,0,0.271870794,0.017070979,0,0,0,0,0.01435598,0.015540326
323,Robert Horry,0,0,0,0,0,0.290140845,0,0,0,0,0.128994083,0.07992421,0,0,0.022319414,0.015522535
367,Lou Williams,0,0,0,0,0,0.133802817,0,0,0,0.142857143,0.117159763,0.05537852,0,0,0.018332054,0.015487022
410,Herb Williams,0,0,0,0,0,0.283098592,0,0,0,0,0,0,0,0,0.014296479,0.015145775
411,Jason Williams,0,0,0,0,0,0,0,0,0.281292059,0,0,0,0,0,0.014205249,0.015049125
413,Jimmy Walker,0,0,0,0.07384403,0,0,0.155524279,0,0,0,0,0,0.055555556,0,0.014121022,0.014966236
415,Zaza Pachulia,0,0,0,0,0,0.277464789,0,0,0,0,0,0,0,0,0.014011972,0.014844366
416,T.J. Ford,0,0,0,0,0,0,0,0,0.277254374,0,0,0,0,0,0.014001346,0.014833109
420,CJ McCollum,0,0,0,0.193926846,0,0,0,0,0,0,0,0,0,0,0.013730021,0.014563906
421,Micheal Williams,0,0,0,0,0,0,0,0,0.270524899,0,0,0,0,0,0.013661507,0.014473082
368,Eric Bledsoe,0,0,0,0,0,0,0,0,0.144010767,0.115004492,0.169230769,0.011454655,0,0,0.018124364,0.014409338
408,José Calderón,0,0,0,0,0,0,0,0,0.267833109,0,0.022485207,0.004736887,0,0,0.014524623,0.014329071
422,Tom Gola,0,0,0,0,0,0,0.048557354,0.071339174,0.064602961,0,0,0,0.222222222,0,0.01347278,0.014270723
424,Mark West,0,0,0,0,0,0.266197183,0,0,0,0,0,0,0,0,0.013442958,0.014241549
431,Cliff Robinson,0,0,0,0.109040718,0,0,0,0.088861076,0,0.019766397,0,0,0,0,0.012932994,0.014095406
308,Alvin Robertson,0,0,0,0,0,0,0.005629838,0,0.172274563,0.021563342,0.210650888,0.096029627,0.166666667,0,0.024147388,0.014075028
467,Ryan Anderson,0,0,0.075217736,0,0,0,0,0,0,0,0.031952663,0,0,0,0.0102364,0.013990499
429,Reggie Lewis,0,0,0,0.133195307,0,0,0.071780436,0,0,0,0,0,0,0,0.01305514,0.013843221
427,Brandon Jennings,0,0,0,0,0,0,0,0,0.258411844,0,0.002366864,0,0,0,0.013136662,0.013825034
418,Rudy Gobert,0,0,0,0,0,0,0,0.25281602,0,0,0,0.025837568,0,0.071428571,0.013951162,0.013775657
425,Dell Curry,0,0,0,0,0,0.256338028,0,0,0,0,0.013017751,0,0,0,0.013422822,0.013714085
432,Bob Rule,0,0,0,0.121463078,0,0,0,0.085106383,0,0,0,0,0,0,0.012897458,0.013675069
433,Bob Love,0,0,0,0.136645963,0,0,0.017593244,0,0,0,0,0,0.111111111,0.071428571,0.012876485,0.01365335
417,Bill Walton,0,0,0,0,0,0,0,0.225907384,0,0,0,0.035914219,0.055555556,0.071428571,0.014000978,0.013436045
435,Jack Coleman,0,0,0,0,0,0,0.105559465,0.142052566,0,0,0,0,0,0,0.012504408,0.013247244
436,Elmore Smith,0,0,0,0,0,0,0.015482055,0.231539424,0,0,0,0,0,0,0.012474585,0.013215649
438,Truck Robinson,0,0,0,0,0,0,0.068965517,0.156445557,0,0,0,0,0.055555556,0,0.012422148,0.013159492
440,Richard Hamilton,0,0,0,0.098688751,0,0.028169014,0.035186488,0,0,0,0,0,0.111111111,0,0.012264394,0.013001045
439,Jerry Stackhouse,0,0,0,0.089026915,0,0.097183099,0,0,0,0,0,0.002153131,0.055555556,0,0.012328761,0.012985217
423,Byron Scott,0,0,0,0,0,0.242253521,0,0,0,0,0,0.033330462,0,0,0.013457031,0.012960563
441,George Carter,0,0,0,0.172532781,0,0,0,0,0,0,0,0,0,0,0.012215321,0.012957212
442,Johnny Dawkins,0,0,0,0,0,0,0,0,0.239569314,0,0,0,0,0,0.01209825,0.012816958
454,Antonio McDyess,0,0,0,0,0,0.16056338,0,0.038798498,0,0.036837376,0,0,0,0,0.011419707,0.01281348
486,Corey Maggette,0,0,0.028503563,0.022774327,0,0,0,0,0,0.098831986,0,0,0,0,0.008674236,0.012773919
443,Kenny Smith,0,0,0,0,0,0,0,0,0.238223419,0,0,0,0,0,0.012030283,0.012744953
444,Arnie Risen,0,0,0,0,0,0,0,0.176470588,0,0,0,0,0.166666667,0,0.012028431,0.012741176
445,Brad Davis,0,0,0,0,0,0.084507042,0,0,0.153432032,0,0,0,0,0,0.012015923,0.01272974
390,Gordon Hayward,0,0,0.046714173,0,0,0,0,0,0,0.06918239,0.171597633,0.031263457,0,0,0.015613054,0.012722169
446,Jay Humphries,0,0,0,0,0,0,0,0,0.235531629,0,0,0,0,0,0.011894347,0.012600942
400,Danny Ainge,0,0,0,0,0,0.198591549,0,0,0.036339166,0,0.04260355,0.041340109,0,0,0.014944733,0.012568793
447,Marvin Williams,0,0,0,0,0,0.232394366,0,0,0,0,0,0,0,0,0.011735915,0.012433099
448,Jerry Sloan,0,0,0,0,0,0,0.177339901,0.033166458,0,0,0,0,0.055555556,0,0.01166946,0.01236209
449,Tyrone Corbin,0,0,0,0,0,0.230985915,0,0,0,0,0,0,0,0,0.011664789,0.012357746
451,Bob Davies,0,0,0,0,0,0,0,0,0.149394347,0,0,0,0.166666667,0.285714286,0.011603938,0.012292598
428,Trevor Ariza,0,0,0,0,0,0.229577465,0,0,0,0,0,0.03987598,0,0,0.01305711,0.012282394
452,Boris Diaw,0,0,0,0,0,0.229577465,0,0,0,0,0,0,0,0,0.011593662,0.012282394
453,Gary Grant,0,0,0,0,0,0,0,0,0.228802153,0,0,0,0,0,0.011554509,0.012240915
379,Don Buse,0,0,0,0,0,0.091549296,0,0,0.110363392,0,0.107692308,0.050211007,0.055555556,0,0.017030531,0.011902329
456,Olden Polynice,0,0,0,0,0,0.221126761,0,0,0,0,0,0,0,0,0.011166901,0.011830282
457,Wayne Embry,0,0,0,0,0,0,0,0.135794743,0,0,0,0,0.222222222,0,0.01101319,0.011665019
459,Willie Naulls,0,0,0,0.011042098,0,0,0,0.136420526,0,0,0,0,0.166666667,0,0.010787684,0.01142776
458,Gene Shue,0,0,0,0,0,0,0.126671358,0,0,0,0,0,0.222222222,0.071428571,0.010788173,0.011426918
460,Glen Combs,0,0,0,0.059351277,0,0,0.088669951,0,0,0,0,0,0.111111111,0,0.010757681,0.011401123
426,Luol Deng,0,0,0,0,0,0.001408451,0.190710767,0,0,0,0.018934911,0.049866506,0.055555556,0,0.013265921,0.011378378
461,Bill Melchionni,0,0,0,0,0,0,0,0,0.170928668,0,0,0,0.111111111,0,0.010709675,0.011344684
462,Spud Webb,0,0,0,0,0,0,0,0,0.211305518,0,0,0,0,0,0.010670929,0.011304845
463,Clyde Lee,0,0,0,0,0,0,0,0.210888611,0,0,0,0,0,0,0.010649875,0.011282541
464,Al Smith,0,0,0,0,0,0,0,0,0.209959623,0,0,0,0,0,0.010602961,0.01123284
385,Kerry Kittles,0,0,0.023752969,0,0,0,0.126671358,0,0,0,0.171597633,0.00775127,0,0,0.015841241,0.01119497
466,George King,0,0,0,0,0,0,0.072484166,0,0.134589502,0,0,0,0,0,0.01045722,0.011078441
468,Elden Campbell,0,0,0,0,0,0.201408451,0,0,0,0,0,0,0,0,0.010171127,0.010775352
469,Kelvin Ransey,0,0,0,0,0,0,0,0,0.197846568,0,0,0,0,0,0.009991252,0.010584791
470,Ralph Simpson,0,0,0,0.075224293,0,0,0,0,0,0,0,0,0.222222222,0.142857143,0.009952864,0.010549344
471,Trooper Washington,0,0,0,0,0,0,0,0.195244055,0,0,0,0,0,0,0.009859825,0.010445557
474,Emeka Okafor,0,0,0,0,0,0,0,0.173967459,0,0.017969452,0,0,0,0,0.009444836,0.010354878
473,Larry Drew,0,0,0,0,0,0,0,0,0.191117093,0,0,0,0,0,0.009651413,0.010224764
364,Toni Kukoč,0,0,0.037212985,0,0,0,0,0,0,0.051212938,0.244970414,0.086641977,0,0,0.018533854,0.009907329
465,Mike Miller,0,0,0,0,0,0.184507042,0,0,0,0,0.008284024,0.023339936,0,0,0.010478205,0.009871127
357,Paul Pressey,0,0,0,0,0,0,0,0,0.184387618,0,0.215384615,0.049091379,0,0,0.019017844,0.009864738
475,Jameer Nelson,0,0,0,0,0,0,0,0,0.184387618,0,0,0,0,0,0.009311575,0.009864738
476,Ray Scott,0,0,0,0,0,0,0,0.183354193,0,0,0,0,0,0,0.009259387,0.009809449
398,Fred Brown,0,0,0,0,0,0.087323944,0,0,0,0.087151842,0.158579882,0.047024373,0,0,0.015154008,0.009752783
477,Rich Jones,0,0,0,0,0,0,0.130893737,0.030663329,0,0,0,0,0.055555556,0,0.009197521,0.009743303
482,Tyreke Evans,0,0,0,0.007591442,0,0,0,0,0.139973082,0.028751123,0.007100592,0,0,0,0.008921873,0.009734868
478,Joe Smith,0,0,0,0,0,0.181690141,0,0,0,0,0,0,0,0,0.009175352,0.009720423
479,Ralph Sampson,0,0,0,0,0,0,0,0.118272841,0,0,0,0,0.166666667,0,0.009089445,0.009627597
480,John Williamson,0,0,0,0.126984127,0,0,0,0,0,0,0,0,0,0,0.008990476,0.009536508
481,Eric Gordon,0,0,0,0.065562457,0,0,0.085855032,0,0,0,0,0,0,0,0.008977501,0.009516985
484,Purvis Short,0,0,0,0.118702553,0,0,0,0,0,0.008984726,0,0,0,0,0.00873388,0.009438371
483,Geoff Huston,0,0,0,0,0,0,0,0,0.174966353,0,0,0,0,0,0.008835801,0.0093607
437,Danny Granger,0,0,0.01266825,0.082125604,0,0,0,0,0,0.013477089,0.120710059,0.004823013,0,0,0.01244269,0.009309642
544,Ed Pinckney,0,0,0.049881235,0,0,0,0,0,0,0,0,0,0,0,0.006010689,0.00927791
485,David Wesley,0,0,0,0,0,0.067605634,0.021815623,0,0.083445491,0,0,0,0,0,0.008729771,0.009248371
511,Bill Cartwright,0,0,0.023752969,0,0,0.087323944,0,0,0,0,0,0,0,0,0.007272092,0.009089883
488,Kelly Tripucka,0,0,0,0.106280193,0,0,0,0,0,0,0,0,0.055555556,0,0.008563527,0.009081643
487,Eric Snow,0,0,0,0,0,0,0,0,0.169582773,0,0,0,0,0,0.00856393,0.009072678
375,Ron Harper,0,0,0,0,0,0.152112676,0,0,0.01615074,0,0.127810651,0.113513048,0,0,0.017353882,0.009002093
490,Rory Sparrow,0,0,0,0,0,0,0,0,0.168236878,0,0,0,0,0,0.008495962,0.009000673
491,Darren Collison,0,0,0,0,0,0,0,0,0.166890983,0,0,0,0,0,0.008427995,0.008928668
493,Goran Dragić,0,0,0,0,0,0,0,0,0.144010767,0.02066487,0.008284024,0,0,0,0.008334968,0.008909338
501,Ray Felix,0,0,0.007917656,0,0,0,0,0.123279099,0,0.013477089,0,0,0,0,0.007674281,0.00885383
551,J.J. Redick,0,0,0.047505938,0,0,0,0,0,0,0,0,0,0,0,0.005724466,0.008836105
492,Vin Baker,0,0,0,0,0,0,0.066854328,0.031914894,0,0,0,0,0.166666667,0.071428571,0.008340227,0.008834153
489,Tayshaun Prince,0,0,0,0,0,0.163380282,0,0,0,0,0,0.007665145,0,0,0.008532015,0.008740845
495,Darnell Valentine,0,0,0,0,0,0,0,0,0.162853297,0,0,0,0,0,0.008224092,0.008712651
496,Warren Davis,0,0,0,0,0,0,0,0.141426783,0,0,0,0,0.055555556,0,0.008180941,0.008666333
497,Joe Caldwell,0,0,0,0.035196687,0,0,0.049964814,0,0,0,0,0,0.166666667,0,0.008131815,0.008616389
498,Rony Seikaly,0,0,0,0,0,0,0,0.16020025,0,0,0,0,0,0,0.008090113,0.008570713
412,Josh Smith,0,0,0,0,0,0,0.05981703,0.033166458,0,0.059299191,0.112426036,0.086297477,0,0,0.014165099,0.008431759
519,Randy Denton,0,0,0,0,0,0,0,0.105131414,0,0.045822102,0,0,0,0,0.006990808,0.008295959
499,Walt Hazzard,0,0,0,0,0,0,0,0,0.154777927,0,0,0,0,0,0.007816285,0.008280619
500,Gene Moore,0,0,0,0,0,0,0,0.15456821,0,0,0,0,0,0,0.007805695,0.008269399
502,Mo Williams,0,0,0,0,0,0,0,0,0.150740242,0,0,0,0,0,0.007612382,0.008064603
503,Chris Childs,0,0,0,0,0,0,0,0,0.149394347,0,0,0,0,0,0.007544415,0.007992598
504,Eric Murdock,0,0,0,0,0,0,0,0,0.148048452,0,0,0,0,0,0.007476447,0.007920592
506,Nazr Mohammed,0,0,0,0,0,0.146478873,0,0,0,0,0,0,0,0,0.007397183,0.00783662
509,Greivis Vásquez,0,0,0,0,0,0,0,0,0.144010767,0,0,0,0,0,0.007272544,0.007704576
510,Kirk Hinrich,0,0,0,0,0,0,0,0,0.144010767,0,0,0,0,0,0.007272544,0.007704576
512,Grant Long,0,0,0,0,0,0.143661972,0,0,0,0,0,0,0,0,0.00725493,0.007685915
513,Larry Smith,0,0,0,0,0,0,0,0.14330413,0,0,0,0,0,0,0.007236859,0.007666771
514,Tom Henderson,0,0,0,0,0,0,0,0,0.142664872,0,0,0,0,0,0.007204576,0.007632571
515,Mike Dunleavy,0,0,0,0,0,0.11971831,0,0,0.022880215,0,0,0,0,0,0.007201226,0.007629021
516,Vern Fleming,0,0,0,0,0,0,0,0,0.141318977,0,0,0,0,0,0.007136608,0.007560565
517,Devin Harris,0,0,0,0,0,0.118309859,0,0,0.022880215,0,0,0,0,0,0.007130099,0.007553669
518,Stacey Augmon,0,0,0,0,0,0.14084507,0,0,0,0,0,0,0,0,0.007112676,0.007535211
520,Doug Moe,0,0,0,0.046238785,0,0,0.026038001,0,0,0,0,0,0.111111111,0.071428571,0.006902117,0.007315566
455,Metta World Peace,0,0,0,0,0,0.126760563,0.009852217,0,0,0,0.050887574,0.070794936,0,0,0.011364694,0.007308784
392,Dan Majerle,0,0,0.004750594,0,0,0.076056338,0.002814919,0,0,0,0.131360947,0.107570407,0.111111111,0,0.015402004,0.007303223
521,James Donaldson,0,0,0,0,0,0.078873239,0,0.057571965,0,0,0,0,0,0,0.006890483,0.007299818
522,Rafer Alston,0,0,0,0,0,0,0,0,0.135935397,0,0,0,0,0,0.006864738,0.007272544
523,Allen Leavell,0,0,0,0,0,0,0,0,0.135935397,0,0,0,0,0,0.006864738,0.007272544
494,Hedo Türkoğlu,0,0,0,0,0,0.135211268,0,0,0,0,0.016568047,0.021617432,0,0,0.008229576,0.007233803
575,Darryl Dawkins,0,0,0.038796516,0,0,0,0,0,0,0,0,0,0,0,0.00467498,0.007216152
524,Tom Boerwinkle,0,0,0,0,0,0,0,0.133917397,0,0,0,0,0,0,0.006762829,0.007164581
525,Erick Dampier,0,0,0,0,0,0.121126761,0,0.011889862,0,0,0,0,0,0,0.006717339,0.007116389
526,Winston Garland,0,0,0,0,0,0,0,0,0.131897712,0,0,0,0,0,0.006660834,0.007056528
527,Sam Mitchell,0,0,0,0,0,0.130985915,0,0,0,0,0,0,0,0,0.006614789,0.007007746
528,Foots Walker,0,0,0,0,0,0,0,0,0.130551817,0,0,0,0,0,0.006592867,0.006984522
529,T.R. Dunn,0,0,0,0,0,0.129577465,0,0,0,0,0,0,0,0,0.006543662,0.006932394
530,Cincinnatus Powell,0,0,0,0.044168392,0,0,0,0.046307885,0,0,0,0,0.055555556,0,0.006504559,0.006894518
532,Manny Leaks,0,0,0,0,0,0,0,0.128285357,0,0,0,0,0,0,0.006478411,0.006863267
535,Armond Hill,0,0,0,0,0,0,0,0,0.125168237,0,0,0,0,0,0.006320996,0.006696501
536,Brian Winters,0,0,0,0.040027605,0,0,0,0,0.047106326,0,0,0,0.055555556,0,0.006251713,0.006626262
537,Sean Elliott,0,0,0,0,0,0,0.100633357,0,0,0,0,0,0.055555556,0,0.006120873,0.006483885
538,Antoine Carr,0,0,0,0,0,0.121126761,0,0,0,0,0,0,0,0,0.006116901,0.006480282
540,Luke Jackson,0,0,0,0,0,0,0,0.12077597,0,0,0,0,0,0,0.006099186,0.006461514
541,Chuck Williams,0,0,0,0,0,0,0,0,0.099596231,0,0,0,0.055555556,0,0.006068499,0.006428398
542,Curtis Perry,0,0,0,0,0,0,0,0.120150188,0,0,0,0,0,0,0.006067584,0.006428035
543,Jonas Valančiūnas,0,0,0,0,0,0,0,0.119524406,0,0,0,0,0,0,0.006035982,0.006394556
545,Hot Rod Williams,0,0,0.034045922,0,0,0,0,0,0,0,0.027218935,0.024201189,0,0,0.005989652,0.006332542
546,LaSalle Thompson,0,0,0,0,0,0.118309859,0,0,0,0,0,0,0,0,0.005974648,0.006329577
547,Robert Pack,0,0,0,0,0,0,0,0,0.117092867,0,0,0,0,0,0.00591319,0.006264468
548,Dick Barnett,0,0,0,0.013112491,0,0.098591549,0,0,0,0,0,0,0,0,0.005907238,0.006259396
549,Vinnie Johnson,0,0,0,0,0,0.116901408,0,0,0,0,0,0,0,0,0.005903521,0.006254225
550,Wayne Cooper,0,0,0,0,0,0.116901408,0,0,0,0,0,0,0,0,0.005903521,0.006254225
593,Arthur Becker,0,0,0.026920032,0,0,0,0,0,0,0,0,0,0.055555556,0,0.004282753,0.006107126
552,Isaiah Rider,0,0,0,0.074534161,0,0,0.008444757,0,0,0,0,0,0,0,0.005703479,0.00604931
553,Al Harrington,0,0,0,0,0,0.112676056,0,0,0,0,0,0,0,0,0.005690141,0.006028169
554,Tristan Thompson,0,0,0,0,0,0,0,0.112640801,0,0,0,0,0,0,0.00568836,0.006026283
555,Brian Shaw,0,0,0,0,0,0.05915493,0,0,0.052489906,0,0,0,0,0,0.005638064,0.005972999
556,Andrew Toney,0,0,0,0.021394065,0,0,0,0,0.059219381,0,0,0,0.055555556,0,0.005544167,0.005874931
508,Andrew Bogut,0,0,0,0,0,0,0,0.10951189,0,0,0.04852071,0,0,0,0.00731106,0.005858886
557,Freddie Lewis,0,0,0,0.028295376,0,0,0,0,0.028263795,0,0,0,0.111111111,0,0.005508412,0.005837096
558,Dennis Schröder,0,0,0,0,0,0,0,0,0.107671602,0,0,0,0,0,0.005437416,0.005760431
559,Jarrett Jack,0,0,0,0,0,0,0,0,0.107671602,0,0,0,0,0,0.005437416,0.005760431
560,Don Ohl,0,0,0,0.017943409,0,0,0,0,0,0,0,0,0.222222222,0,0.005425949,0.00574755
430,Shane Battier,0,0,0,0,0,0.107042254,0,0,0,0,0.112426036,0.094909999,0,0,0.013014866,0.005726761
563,Tom Meschery,0,0,0,0,0,0,0,0.106382979,0,0,0,0,0,0,0.00537234,0.005691489
564,Darrell Walker,0,0,0,0,0,0,0,0,0.106325707,0,0,0,0,0,0.005369448,0.005688425
565,Joe Fulks,0,0,0,0.051069703,0,0,0,0,0,0,0,0,0.055555556,0.214285714,0.005361767,0.005685335
566,Stew Johnson,0,0,0,0.045548654,0,0,0,0,0,0,0,0,0.111111111,0,0.005302622,0.005620704
613,Rik Smits,0,0,0,0,0,0,0,0,0,0.096136568,0,0,0,0,0.003528212,0.005604762
567,Jim Washington,0,0,0,0,0,0,0,0.10387985,0,0,0,0,0,0,0.005245932,0.005557572
568,Tyrone Hill,0,0,0,0,0,0,0,0.103254068,0,0,0,0,0,0,0.00521433,0.005524093
569,Lucius Allen,0,0,0,0,0,0,0,0,0.102288022,0,0,0,0,0,0.005165545,0.005472409
570,J.R. Smith,0,0,0,0,0,0.098591549,0,0,0,0,0,0,0,0,0.004978873,0.005274648
571,Johnny Davis,0,0,0,0,0,0,0,0,0.098250336,0,0,0,0,0,0.004961642,0.005256393
572,Luke Ridnour,0,0,0,0,0,0,0,0,0.095558546,0,0,0,0,0,0.004825707,0.005112382
573,Lionel Hollins,0,0,0,0,0,0,0,0,0.095558546,0,0,0,0,0,0.004825707,0.005112382
574,Jeff Mullins,0,0,0,0.038647343,0,0,0,0,0,0,0,0,0.111111111,0,0.00481401,0.005102415
576,Jack George,0,0,0,0,0,0,0,0,0.071332436,0,0,0,0.055555556,0,0.004641177,0.004916285
578,Bobby Wanzer,0,0,0,0,0,0,0,0,0,0,0,0,0.222222222,0.142857143,0.004626984,0.0049
579,Kendall Gill,0,0,0,0,0,0.091549296,0,0,0,0,0,0,0,0,0.004623239,0.004897887
580,Chris Duhon,0,0,0,0,0,0,0,0,0.091520861,0,0,0,0,0,0.004621803,0.004896366
581,Chuck Share,0,0,0,0,0,0,0,0.091364205,0,0,0,0,0,0,0.004613892,0.004887985
620,Wally Szczerbiak,0,0,0.026128266,0,0,0,0,0,0,0,0,0,0,0,0.003148456,0.004859857
582,Thaddeus Young,0,0,0,0,0,0.090140845,0,0,0,0,0,0,0,0,0.004552113,0.004822535
583,Joe Kleine,0,0,0,0,0,0.090140845,0,0,0,0,0,0,0,0,0.004552113,0.004822535
584,Kermit Washington,0,0,0,0,0,0,0,0.090112641,0,0,0,0,0,0,0.004550688,0.004821026
585,Rick Roberson,0,0,0,0,0,0,0,0.088861076,0,0,0,0,0,0,0.004487484,0.004754068
586,Dick Snyder,0,0,0,0,0,0.088732394,0,0,0,0,0,0,0,0,0.004480986,0.004747183
507,Brian Taylor,0,0,0,0,0,0,0.019000704,0,0.048452221,0,0.078106509,0,0.055555556,0,0.00731177,0.004708731
588,Jim Jackson,0,0,0,0,0,0,0.087966221,0,0,0,0,0,0,0,0.004442294,0.004706193
589,Earl Watson,0,0,0,0,0,0,0,0,0.087483176,0,0,0,0,0,0.0044179,0.00468035
590,Carl Braun,0,0,0,0,0,0,0,0,0,0,0,0,0.222222222,0.071428571,0.00439127,0.00465
591,Reggie Jackson,0,0,0,0,0,0,0,0,0.086137281,0,0,0,0,0,0.004349933,0.004608345
594,Art Williams,0,0,0,0,0,0,0,0,0.082099596,0,0,0,0,0,0.00414603,0.004392328
595,Nat Clifton,0,0,0,0,0,0,0,0.081977472,0,0,0,0,0,0,0.004139862,0.004385795
596,Jeff McInnis,0,0,0,0,0,0,0,0,0.080753701,0,0,0,0,0,0.004078062,0.004320323
598,Khris Middleton,0,0,0,0.04278813,0,0,0,0,0,0,0,0,0.055555556,0,0.004068288,0.004313389
597,Tom Van Arsdale,0,0,0,0,0,0.03943662,0,0,0,0,0,0,0.111111111,0,0.004069327,0.004309859
599,Mychal Thompson,0,0,0,0,0,0.047887324,0,0.032540676,0,0,0,0,0,0,0.004061614,0.004302898
533,Donyell Marshall,0,0,0,0,0,0.078873239,0,0,0,0,0.043786982,0.023339936,0,0,0.006446657,0.004219718
600,Otto Moore,0,0,0,0,0,0,0,0.078848561,0,0,0,0,0,0,0.003981852,0.004218398
601,Jim Chones,0,0,0,0,0,0,0,0.078222778,0,0,0,0,0,0,0.00395025,0.004184919
602,Kenny Sears,0,0,0,0,0,0,0,0.057571965,0,0,0,0,0.055555556,0,0.003946273,0.0041801
603,Bob Boozer,0,0,0,0,0,0,0,0.077596996,0,0,0,0,0,0,0.003918648,0.004151439
604,Quinn Buckner,0,0,0,0,0,0,0,0,0.076716016,0,0,0,0,0,0.003874159,0.004104307
605,Kenneth Faried,0,0,0,0,0,0,0,0.076345432,0,0,0,0,0,0,0.003855444,0.004084481
606,Sedale Threatt,0,0,0,0,0,0.070422535,0,0,0.00538358,0,0,0,0,0,0.003828209,0.004055627
608,Charles Williams,0,0,0,0.037957212,0,0,0,0,0,0,0,0,0.055555556,0,0.003726259,0.003950587
609,Alton Lister,0,0,0,0,0,0.073239437,0,0,0,0,0,0,0,0,0.003698592,0.00391831
610,Joe Graboski,0,0,0,0,0,0,0,0.072590738,0,0,0,0,0,0,0.003665832,0.003883605
611,Zaid Abdul-Aziz,0,0,0,0,0,0,0,0.071339174,0,0,0,0,0,0,0.003602628,0.003816646
612,Ricky Sobers,0,0,0,0,0,0,0,0,0.071332436,0,0,0,0,0,0.003602288,0.003816285
615,Jeremy Lin,0,0,0,0,0,0,0,0,0.065948856,0,0,0,0,0,0.003330417,0.003528264
616,Randolph Mahaffey,0,0,0,0,0,0,0,0.065707134,0,0,0,0,0,0,0.00331821,0.003515332
617,Dave Greenwood,0,0,0,0,0,0,0,0.064455569,0,0,0,0,0,0,0.003255006,0.003448373
618,Mark Eaton,0,0,0,0,0,0,0,0.063829787,0,0,0,0,0,0,0.003223404,0.003414894
619,Mark Olberding,0,0,0,0,0,0.063380282,0,0,0,0,0,0,0,0,0.003200704,0.003390845
621,Dick Garmaker,0,0,0,0,0,0,0,0,0,0,0,0,0.166666667,0,0.003116667,0.0033
622,Caron Butler,0,0,0,0,0,0,0.040112597,0,0,0,0,0,0.055555556,0,0.003064575,0.003246024
562,Michael Cooper,0,0,0,0,0,0,0,0,0.059219381,0,0.04852071,0.016622169,0,0,0.005381322,0.003168237
624,Wes Matthews,0,0,0,0,0,0,0,0,0.059219381,0,0,0,0,0,0.002990579,0.003168237
625,Chuck Person,0,0,0,0,0,0.05915493,0,0,0,0,0,0,0,0,0.002987324,0.003164789
626,Samuel Dalembert,0,0,0,0,0,0,0,0.058197747,0,0,0,0,0,0,0.002938986,0.003113579
627,Woody Sauldsberry,0,0,0,0,0,0,0,0.057571965,0,0,0,0,0,0,0.002907384,0.0030801
628,Troy Murphy,0,0,0,0,0,0,0,0.057571965,0,0,0,0,0,0,0.002907384,0.0030801
577,Rodney McCray,0,0,0,0,0,0,0.056298381,0,0,0,0.031952663,0.016880544,0,0,0.004635247,0.003011963
629,Clarence Weatherspoon,0,0,0,0,0,0.01971831,0,0.035669587,0,0,0,0,0,0,0.002797089,0.002963252
630,Darrell Griffith,0,0,0,0.039337474,0,0,0,0,0,0,0,0,0,0,0.002785093,0.002954244
632,Steve Stipanovich,0,0,0,0,0,0,0,0.053817272,0,0,0,0,0,0,0.002717772,0.002879224
633,Lloyd Neal,0,0,0,0,0,0,0,0.052565707,0,0,0,0,0,0,0.002654568,0.002812265
634,Frank Johnson,0,0,0,0,0,0,0,0,0.052489906,0,0,0,0,0,0.00265074,0.00280821
635,Mike Gminski,0,0,0,0,0,0.052112676,0,0,0,0,0,0,0,0,0.00263169,0.002788028
636,Neal Walk,0,0,0,0,0,0,0,0.051314143,0,0,0,0,0,0,0.002591364,0.002745307
587,Derrick McKey,0,0,0,0,0,0.050704225,0,0,0,0,0.023668639,0.027990698,0,0,0.004456461,0.002712676
637,Lindsey Hunter,0,0,0,0,0,0.050704225,0,0,0,0,0,0,0,0,0.002560563,0.002712676
638,Maurice Stokes,0,0,0,0,0,0,0,0,0,0,0,0,0.111111111,0.142857143,0.002549206,0.0027
639,Andrew Bynum,0,0,0,0,0,0,0,0.050062578,0,0,0,0,0,0,0.00252816,0.002678348
640,Wil Jones,0,0,0,0,0,0,0,0.047559449,0,0,0,0,0,0,0.002401752,0.002544431
641,Bob Kauffman,0,0,0,0,0,0,0,0.006257822,0,0,0,0,0.111111111,0,0.002393798,0.002534793
643,Brandon Roy,0,0,0,0,0,0,0,0,0,0,0,0,0.111111111,0.071428571,0.002313492,0.00245
644,Joel Embiid,0,0,0,0,0,0,0,0,0,0,0,0,0.111111111,0.071428571,0.002313492,0.00245
645,Paul Seymour,0,0,0,0,0,0,0,0,0,0,0,0,0.111111111,0.071428571,0.002313492,0.00245
648,Enes Kanter,0,0,0,0,0,0,0,0.044430538,0,0,0,0,0,0,0.002243742,0.002377034
683,Mario Elie,0,0,0.01266825,0,0,0,0,0,0,0,0,0,0,0,0.001526524,0.002356295
649,Darnell Hillman,0,0,0,0,0,0,0,0.043804756,0,0,0,0,0,0,0.00221214,0.002343554
650,Darrall Imhoff,0,0,0,0,0,0,0,0.043804756,0,0,0,0,0,0,0.00221214,0.002343554
651,Steven Adams,0,0,0,0,0,0,0,0.043178974,0,0,0,0,0,0,0.002180538,0.002310075
652,Alvin Williams,0,0,0,0,0,0,0,0,0.043068641,0,0,0,0,0,0.002174966,0.002304172
653,Chris Kaman,0,0,0,0,0,0,0,0.042553191,0,0,0,0,0,0,0.002148936,0.002276596
654,Steve Jones,0,0,0,0,0,0,0,0,0,0,0,0,0.111111111,0,0.002077778,0.0022
655,Rick Fox,0,0,0,0,0,0.04084507,0,0,0,0,0,0,0,0,0.002062676,0.002185211
656,Ramon Sessions,0,0,0,0,0,0,0,0,0.040376851,0,0,0,0,0,0.002039031,0.002160162
657,Jayson Williams,0,0,0,0,0,0,0,0.040050063,0,0,0,0,0,0,0.002022528,0.002142678
658,Matt Barnes,0,0,0,0,0,0.03943662,0,0,0,0,0,0,0,0,0.001991549,0.002109859
659,Armen Gilliam,0,0,0,0,0,0.03943662,0,0,0,0,0,0,0,0,0.001991549,0.002109859
660,Jalen Rose,0,0,0,0,0,0.030985915,0,0,0.00807537,0,0,0,0,0,0.001972595,0.002089779
661,Cornell Warner,0,0,0,0,0,0,0,0.038798498,0,0,0,0,0,0,0.001959324,0.00207572
662,Antonio Davis,0,0,0,0,0,0.002816901,0,0.035669587,0,0,0,0,0,0,0.001943568,0.002059027
663,Sam Bowie,0,0,0,0,0,0,0,0.038172716,0,0,0,0,0,0,0.001927722,0.00204224
664,Phil Smith,0,0,0,0,0,0,0,0,0.017496635,0,0,0,0.055555556,0,0.001922469,0.00203607
665,Thurl Bailey,0,0,0,0,0,0.038028169,0,0,0,0,0,0,0,0,0.001920423,0.002034507
472,Darrell Armstrong,0,0,0,0,0,0,0,0,0.037685061,0,0.177514793,0.036861597,0,0,0.009770709,0.002016151
666,Benoit Benjamin,0,0,0,0,0,0,0,0.037546934,0,0,0,0,0,0,0.00189612,0.002008761
667,Keith Van Horn,0,0,0,0.026224983,0,0,0,0,0,0,0,0,0,0,0.001856729,0.001969496
668,Orlando Woolridge,0,0,0,0.026224983,0,0,0,0,0,0,0,0,0,0,0.001856729,0.001969496
669,Charlie Ward,0,0,0,0,0,0,0,0,0.036339166,0,0,0,0,0,0.001835128,0.001944145
623,Danny Manning,0,0,0,0,0,0,0,0,0,0.013477089,0.029585799,0.011196279,0.055555556,0,0.0030302,0.001885714
670,Gar Heard,0,0,0,0,0,0,0,0.035043805,0,0,0,0,0,0,0.001769712,0.001874844
671,Mike Newlin,0,0,0,0,0,0,0,0,0.034993271,0,0,0,0,0,0.00176716,0.00187214
674,Popeye Jones,0,0,0,0,0,0,0,0.033166458,0,0,0,0,0,0,0.001674906,0.001774406
675,Jim Fox,0,0,0,0,0,0,0,0.033166458,0,0,0,0,0,0,0.001674906,0.001774406
676,Brian Grant,0,0,0,0,0,0,0,0.033166458,0,0,0,0,0,0,0.001674906,0.001774406
677,Jim McMillian,0,0,0,0,0,0,0.033075299,0,0,0,0,0,0,0,0.001670303,0.001769529
678,Fatty Taylor,0,0,0,0,0,0,0,0,0.03230148,0,0,0,0,0,0.001631225,0.001728129
679,D.J. Augustin,0,0,0,0,0,0,0,0,0.03230148,0,0,0,0,0,0.001631225,0.001728129
681,Kenny Carr,0,0,0,0,0,0,0,0.031914894,0,0,0,0,0,0,0.001611702,0.001707447
682,Kyle Macy,0,0,0,0,0,0,0,0,0.030955585,0,0,0,0,0,0.001563257,0.001656124
714,Ruben Patterson,0,0,0,0,0,0,0,0,0,0.02785265,0,0,0,0,0.001022192,0.00162381
680,Mickey Johnson,0,0,0,0,0,0.004225352,0,0.015018773,0,0.008984726,0.003550296,0.005081388,0,0,0.001618351,0.00155337
684,Brandon Knight,0,0,0,0,0,0,0,0,0.028263795,0,0,0,0,0,0.001427322,0.001512113
685,Scott Wedman,0,0,0,0,0,0.007042254,0,0,0,0,0,0,0.055555556,0,0.001394523,0.001476761
716,Brandon Bass,0,0,0.007917656,0,0,0,0,0,0,0,0,0,0,0,0.000954078,0.001472684
717,Taj Gibson,0,0,0.007917656,0,0,0,0,0,0,0,0,0,0,0,0.000954078,0.001472684
607,Greg Anthony,0,0,0,0,0,0,0,0,0.0269179,0,0.066272189,0,0,0,0.003791543,0.001440108
686,Steve Blake,0,0,0,0,0,0,0,0,0.0269179,0,0,0,0,0,0.001359354,0.001440108
687,Howard Komives,0,0,0,0,0,0,0,0,0.0269179,0,0,0,0,0,0.001359354,0.001440108
688,Tom Gugliotta,0,0,0,0,0,0,0,0.026282854,0,0,0,0,0,0,0.001327284,0.001406133
689,Robert Reid,0,0,0,0,0,0.025352113,0,0,0,0,0,0,0,0,0.001280282,0.001356338
690,Fred Scolari,0,0,0,0,0,0,0,0,0,0,0,0,0.055555556,0.071428571,0.001274603,0.00135
691,Frankie Brian,0,0,0,0,0,0,0,0,0,0,0,0,0.055555556,0.071428571,0.001274603,0.00135
673,Arvydas Sabonis,0,0,0,0,0,0,0,0.025031289,0,0,0,0.011282405,0,0,0.001678144,0.001339174
721,Cliff Levingston,0,0,0.007125891,0,0,0,0,0,0,0,0,0,0,0,0.00085867,0.001325416
692,Wesley Matthews,0,0,0,0,0,0,0.024630542,0,0,0,0,0,0,0,0.001243842,0.001317734
693,Stephen Jackson,0,0,0,0,0,0,0.023926812,0,0,0,0,0,0,0,0.001208304,0.001280084
694,John Johnson,0,0,0,0,0,0,0,0,0.00269179,0,0,0,0.055555556,0,0.001174824,0.001244011
672,Tobias Harris,0,0,0,0.016563147,0,0,0,0,0,0,0.015384615,0,0,0,0.001737286,0.001243892
695,J.J. Barea,0,0,0,0,0,0,0,0,0.022880215,0,0,0,0,0,0.001155451,0.001224092
696,Danny Ferry,0,0,0,0,0,0.022535211,0,0,0,0,0,0,0,0,0.001138028,0.001205634
697,Kevin Kunnert,0,0,0,0,0,0,0,0.021902378,0,0,0,0,0,0,0.00110607,0.001171777
698,John Roche,0,0,0,0,0,0,0,0,0.02153432,0,0,0,0,0,0.001087483,0.001152086
699,Danny Fortson,0,0,0,0,0,0,0,0.020650814,0,0,0,0,0,0,0.001042866,0.001104819
614,Nikola Jokić,0,0,0,0,0,0,0,0,0,0,0,0.067608302,0.055555556,0,0.003520114,0.0011
646,Karl-Anthony Towns,0,0,0,0,0,0,0,0,0,0,0,0.034622341,0.055555556,0,0.002309529,0.0011
700,Dike Eddleman,0,0,0,0,0,0,0,0,0,0,0,0,0.055555556,0,0.001038889,0.0011
701,Ben Simmons,0,0,0,0,0,0,0,0,0,0,0,0,0.055555556,0,0.001038889,0.0011
702,Don Kojis,0,0,0,0,0,0,0,0,0,0,0,0,0.055555556,0,0.001038889,0.0011
703,Les Hunter,0,0,0,0,0,0,0,0,0,0,0,0,0.055555556,0,0.001038889,0.0011
704,Hot Rod Hundley,0,0,0,0,0,0,0,0,0,0,0,0,0.055555556,0,0.001038889,0.0011
705,Roy Hibbert,0,0,0,0,0,0,0,0,0,0,0,0,0.055555556,0,0.001038889,0.0011
706,Jack Marin,0,0,0,0,0,0,0,0,0,0,0,0,0.055555556,0,0.001038889,0.0011
707,Kevin Duckworth,0,0,0,0,0,0,0,0,0,0,0,0,0.055555556,0,0.001038889,0.0011
708,Wendell Ladner,0,0,0,0,0,0,0,0,0,0,0,0,0.055555556,0,0.001038889,0.0011
709,Frank Selvy,0,0,0,0,0,0,0,0,0,0,0,0,0.055555556,0,0.001038889,0.0011
710,Jeff Ruland,0,0,0,0,0,0,0,0,0,0,0,0,0.055555556,0,0.001038889,0.0011
711,Red Rocha,0,0,0,0,0,0,0,0,0,0,0,0,0.055555556,0,0.001038889,0.0011
712,Jim Paxson,0,0,0,0,0,0,0,0,0,0,0,0,0.055555556,0,0.001038889,0.0011
713,Leo Barnhorst,0,0,0,0,0,0,0,0,0,0,0,0,0.055555556,0,0.001038889,0.0011
715,Curtis Rowe,0,0,0,0,0,0,0,0.020025031,0,0,0,0,0,0,0.001011264,0.001071339
718,Campy Russell,0,0,0,0.013112491,0,0,0,0,0,0,0,0,0,0,0.000928364,0.000984748
531,Bo Outlaw,0,0,0,0,0,0.018309859,0,0,0,0,0.126627219,0.024804065,0,0,0.006482176,0.000979577
719,Bimbo Coles,0,0,0,0,0,0,0,0,0.017496635,0,0,0,0,0,0.00088358,0.00093607
722,Jim Cleamons,0,0,0,0,0,0,0,0,0.01615074,0,0,0,0,0,0.000815612,0.000864065
723,Lester Conner,0,0,0,0,0,0,0,0,0.01615074,0,0,0,0,0,0.000815612,0.000864065
724,Ish Smith,0,0,0,0,0,0,0,0,0.01615074,0,0,0,0,0,0.000815612,0.000864065
647,Christian Laettner,0,0,0,0,0,0,0,0,0,0.013477089,0.028402367,0.020756179,0,0,0.002298728,0.000785714
725,Ömer Aşık,0,0,0,0,0,0,0,0.014392991,0,0,0,0,0,0,0.000726846,0.000770025
726,Max Zaslofsky,0,0,0,0,0,0,0,0,0,0,0,0,0,0.214285714,0.000707143,0.00075
727,Reggie Evans,0,0,0,0,0,0,0,0.013767209,0,0,0,0,0,0,0.000695244,0.000736546
728,Nick Collison,0,0,0,0,0,0.012676056,0,0,0,0,0,0,0,0,0.000640141,0.000678169
729,Michael Smith,0,0,0,0,0,0,0,0.012515645,0,0,0,0,0,0,0.00063204,0.000669587
730,Drew Gooden,0,0,0,0,0,0,0,0.012515645,0,0,0,0,0,0,0.00063204,0.000669587
731,Herm Gilliam,0,0,0,0,0,0,0,0,0.012113055,0,0,0,0,0,0.000611709,0.000648048
734,Loy Vaught,0,0,0,0,0,0,0,0.010638298,0,0,0,0,0,0,0.000537234,0.000569149
735,Bob Feerick,0,0,0,0,0,0,0,0,0,0,0,0,0,0.142857143,0.000471429,0.0005
736,John Logan,0,0,0,0,0,0,0,0,0,0,0,0,0,0.142857143,0.000471429,0.0005
738,Andris Biedriņš,0,0,0,0,0,0,0,0.008135169,0,0,0,0,0,0,0.000410826,0.000435232
739,Eric Money,0,0,0,0,0,0,0,0,0.006729475,0,0,0,0,0,0.000339838,0.000360027
740,Eddie Jordan,0,0,0,0,0,0,0,0,0.00538358,0,0,0,0,0,0.000271871,0.000288022
741,Bones McKinney,0,0,0,0,0,0,0,0,0,0,0,0,0,0.071428571,0.000235714,0.00025
742,Alex Groza,0,0,0,0,0,0,0,0,0,0,0,0,0,0.071428571,0.000235714,0.00025
743,Ralph Beard,0,0,0,0,0,0,0,0,0,0,0,0,0,0.071428571,0.000235714,0.00025
744,Stan Miasek,0,0,0,0,0,0,0,0,0,0,0,0,0,0.071428571,0.000235714,0.00025
737,Rich Kelley,0,0,0,0,0,0,0,0.004380476,0,0,0.00591716,0,0,0,0.000438374,0.000234355
745,George Johnson,0,0,0,0,0,0.004225352,0,0,0,0,0,0,0,0,0.00021338,0.000226056
746,Willie Anderson,0,0,0,0,0,0,0,0,0.004037685,0,0,0,0,0,0.000203903,0.000216016
747,Anthony Carter,0,0,0,0,0,0,0,0,0.004037685,0,0,0,0,0,0.000203903,0.000216016
748,Bob Sura,0,0,0,0,0,0,0,0,0.001345895,0,0,0,0,0,6.80E-05,7.20E-05
749,Ron Lee,0,0,0,0,0,0,0,0,0.001345895,0,0,0,0,0,6.80E-05,7.20E-05
750,Mike Green,0,0,0,0,0,0,0,0.001251564,0,0,0,0,0,0,6.32E-05,6.70E-05
751,Xavier McDaniel,0,0,0,0.000690131,0,0,0,0,0,0,0,0,0,0,4.89E-05,5.18E-05
505,Nick Anderson,0,0,0,0,0,0,0,0,0,0,0.137278107,0.065369047,0,0,0.007437151,0
534,Gerald Wallace,0,0,0,0,0,0,0,0,0,0,0.120710059,0.054689519,0,0,0.006437165,0
539,Danny Green,0,0,0,0,0,0,0,0,0,0,0.159763314,0.006890018,0,0,0.006116177,0
561,Nicolas Batum,0,0,0,0,0,0,0,0,0,0,0.100591716,0.047024373,0,0,0.00541751,0
592,Dana Barros,0,0,0,0,0,0,0,0,0,0,0.10887574,0.007837396,0,0,0.004283372,0
631,Doug Christie,0,0,0,0,0,0,0,0,0,0,0.043786982,0.03048833,0,0,0.002725904,0
642,Greg Ballard,0,0,0,0,0,0,0,0,0,0,0.056804734,0.008095771,0,0,0.002381849,0
720,Derek Anderson,0,0,0,0,0,0,0,0,0,0,0.023668639,0,0,0,0.000868639,0
732,Wesley Person,0,0,0,0,0,0,0,0,0,0,0.015384615,0,0,0,0.000564615,0
733,Chris Morris,0,0,0,0,0,0,0,0,0,0,0.015384615,0,0,0,0.000564615,0
752,John Starks,0,0,0,0,0,0,0,0,0,0,0.001183432,0,0,0,4.34E-05,0
753,Kristaps Porziņģis,0,0,0,0,0,0,0,0,0,0,0,0,0,0,0,0
754,Jim King,0,0,0,0,0,0,0,0,0,0,0,0,0,0,0,0
755,Steve Johnson,0,0,0,0,0,0,0,0,0,0,0,0,0,0,0,0
756,Neil Johnson,0,0,0,0,0,0,0,0,0,0,0,0,0,0,0,0
757,Jamaal Magloire,0,0,0,0,0,0,0,0,0,0,0,0,0,0,0,0
758,Cazzie Russell,0,0,0,0,0,0,0,0,0,0,0,0,0,0,0,0
759,Kenyon Martin,0,0,0,0,0,0,0,0,0,0,0,0,0,0,0,0
760,Ted McClain,0,0,0,0,0,0,0,0,0,0,0,0,0,0,0,0
761,Jim McDaniels,0,0,0,0,0,0,0,0,0,0,0,0,0,0,0,0
762,Chuck Noble,0,0,0,0,0,0,0,0,0,0,0,0,0,0,0,0
763,Flynn Robinson,0,0,0,0,0,0,0,0,0,0,0,0,0,0,0,0
764,Richie Regan,0,0,0,0,0,0,0,0,0,0,0,0,0,0,0,0
765,Theo Ratliff,0,0,0,0,0,0,0,0,0,0,0,0,0,0,0,0
766,Jim Price,0,0,0,0,0,0,0,0,0,0,0,0,0,0,0,0
767,Jon McGlocklin,0,0,0,0,0,0,0,0,0,0,0,0,0,0,0,0
768,Dewitt Menyard,0,0,0,0,0,0,0,0,0,0,0,0,0,0,0,0
769,Eddie Miles,0,0,0,0,0,0,0,0,0,0,0,0,0,0,0,0
770,Donovan Mitchell,0,0,0,0,0,0,0,0,0,0,0,0,0,0,0,0
771,Jack Molinas,0,0,0,0,0,0,0,0,0,0,0,0,0,0,0,0
772,Larry Cannon,0,0,0,0,0,0,0,0,0,0,0,0,0,0,0,0
773,Jayson Tatum,0,0,0,0,0,0,0,0,0,0,0,0,0,0,0,0
774,D'Angelo Russell,0,0,0,0,0,0,0,0,0,0,0,0,0,0,0,0
775,Domantas Sabonis,0,0,0,0,0,0,0,0,0,0,0,0,0,0,0,0
776,Ernie Calverley,0,0,0,0,0,0,0,0,0,0,0,0,0,0,0,0
777,Frankie Baumholtz,0,0,0,0,0,0,0,0,0,0,0,0,0,0,0,0
778,Ed Sadowski,0,0,0,0,0,0,0,0,0,0,0,0,0,0,0,0
779,Howie Dallmar,0,0,0,0,0,0,0,0,0,0,0,0,0,0,0,0
780,Trae Young,0,0,0,0,0,0,0,0,0,0,0,0,0,0,0,0
781,Ben Warley,0,0,0,0,0,0,0,0,0,0,0,0,0,0,0,0
782,Paul Walther,0,0,0,0,0,0,0,0,0,0,0,0,0,0,0,0
783,Chico Vaughn,0,0,0,0,0,0,0,0,0,0,0,0,0,0,0,0
784,Dave Twardzik,0,0,0,0,0,0,0,0,0,0,0,0,0,0,0,0
785,Chick Halbert,0,0,0,0,0,0,0,0,0,0,0,0,0,0,0,0
786,Monte Towe,0,0,0,0,0,0,0,0,0,0,0,0,0,0,0,0
787,Buddy Jeannette,0,0,0,0,0,0,0,0,0,0,0,0,0,0,0,0
788,Dražen Petrović,0,0,0,0,0,0,0,0,0,0,0,0,0,0,0,0
789,Mervin Jackson,0,0,0,0,0,0,0,0,0,0,0,0,0,0,0,0
790,Skip Thoren,0,0,0,0,0,0,0,0,0,0,0,0,0,0,0,0
791,Claude Terry,0,0,0,0,0,0,0,0,0,0,0,0,0,0,0,0
792,Al Cervi,0,0,0,0,0,0,0,0,0,0,0,0,0,0,0,0
793,Don Sunderlage,0,0,0,0,0,0,0,0,0,0,0,0,0,0,0,0
794,Willie Somerset,0,0,0,0,0,0,0,0,0,0,0,0,0,0,0,0
795,Adrian Smith,0,0,0,0,0,0,0,0,0,0,0,0,0,0,0,0
796,Walter Simon,0,0,0,0,0,0,0,0,0,0,0,0,0,0,0,0
797,Pascal Siakam,0,0,0,0,0,0,0,0,0,0,0,0,0,0,0,0
798,Lonnie Shelton,0,0,0,0,0,0,0,0,0,0,0,0,0,0,0,0
799,Lee Shaffer,0,0,0,0,0,0,0,0,0,0,0,0,0,0,0,0
800,Fred Schaus,0,0,0,0,0,0,0,0,0,0,0,0,0,0,0,0
801,Tony Jackson,0,0,0,0,0,0,0,0,0,0,0,0,0,0,0,0
802,Scott Williams\willisc01,0,0,0,0,0,0,0,0,0,0,0,0,0,0,0,0
803,Brandon Ingram,0,0,0,0,0,0,0,0,0,0,0,0,0,0,0,0
804,James Jones\jonesja02,0,0,0,0,0,0,0,0,0,0,0,0,0,0,0,0
805,Rick Fox\foxri01,0,0,0,0,0,0,0,0,0,0,0,0,0,0,0,0
806,Devean George\georgde01,0,0,0,0,0,0,0,0,0,0,0,0,0,0,0,0
807,A.C. Green\greenac01,0,0,0,0,0,0,0,0,0,0,0,0,0,0,0,0
808,Bruce Bowen\bowenbr01,0,0,0,0,0,0,0,0,0,0,0,0,0,0,0,0
809,Draymond Green\greendr01,0,0,0,0,0,0,0,0,0,0,0,0,0,0,0,0
810,Bob Harrison\harribo02,0,0,0,0,0,0,0,0,0,0,0,0,0,0,0,0
811,Udonis Haslem\hasleud01,0,0,0,0,0,0,0,0,0,0,0,0,0,0,0,0
812,B.J. Armstrong\armstbj01,0,0,0,0,0,0,0,0,0,0,0,0,0,0,0,0
813,Gerald Henderson\hendege01,0,0,0,0,0,0,0,0,0,0,0,0,0,0,0,0
814,Andre Iguodala\iguodan01,0,0,0,0,0,0,0,0,0,0,0,0,0,0,0,0
815,LeBron James\jamesle01,0,0,0,0,0,0,0,0,0,0,0,0,0,0,0,0
816,Stacey King\kingst01,0,0,0,0,0,0,0,0,0,0,0,0,0,0,0,0
817,Mario Elie\eliema01,0,0,0,0,0,0,0,0,0,0,0,0,0,0,0,0
818,Toni Kukoč\kukocto01,0,0,0,0,0,0,0,0,0,0,0,0,0,0,0,0
819,Shaun Livingston\livinsh01,0,0,0,0,0,0,0,0,0,0,0,0,0,0,0,0
820,Luc Longley\longllu01,0,0,0,0,0,0,0,0,0,0,0,0,0,0,0,0
821,Patrick McCaw\mccawpa01,0,0,0,0,0,0,0,0,0,0,0,0,0,0,0,0
822,Willie Naulls\naullwi01,0,0,0,0,0,0,0,0,0,0,0,0,0,0,0,0
823,John Paxson\paxsojo01,0,0,0,0,0,0,0,0,0,0,0,0,0,0,0,0
824,Byron Scott\scottby01,0,0,0,0,0,0,0,0,0,0,0,0,0,0,0,0
825,Brian Shaw\shawbr01,0,0,0,0,0,0,0,0,0,0,0,0,0,0,0,0
826,Paul Silas\silaspa01,0,0,0,0,0,0,0,0,0,0,0,0,0,0,0,0
827,Klay Thompson\thompkl01,0,0,0,0,0,0,0,0,0,0,0,0,0,0,0,0
828,Dwyane Wade\wadedw01,0,0,0,0,0,0,0,0,0,0,0,0,0,0,0,0
829,Randy Brown\brownra02,0,0,0,0,0,0,0,0,0,0,0,0,0,0,0,0
830,Jack Nichols,0,0,0,0,0,0,0,0,0,0,0,0,0,0,0,0
831,Josh Howard,0,0,0,0,0,0,0,0,0,0,0,0,0,0,0,0
832,Bill Bradley,0,0,0,0,0,0,0,0,0,0,0,0,0,0,0,0
833,Wayne Hightower,0,0,0,0,0,0,0,0,0,0,0,0,0,0,0,0
834,Bob Harrison,0,0,0,0,0,0,0,0,0,0,0,0,0,0,0,0
835,Gus Gerard,0,0,0,0,0,0,0,0,0,0,0,0,0,0,0,0
836,Chris Gatling,0,0,0,0,0,0,0,0,0,0,0,0,0,0,0,0
837,Bill Gabor,0,0,0,0,0,0,0,0,0,0,0,0,0,0,0,0
838,Jimmy Foster,0,0,0,0,0,0,0,0,0,0,0,0,0,0,0,0
839,Luka Dončić,0,0,0,0,0,0,0,0,0,0,0,0,0,0,0,0
840,Len Chappell,0,0,0,0,0,0,0,0,0,0,0,0,0,0,0,0
841,Cedric Ceballos,0,0,0,0,0,0,0,0,0,0,0,0,0,0,0,0
842,Austin Carr,0,0,0,0,0,0,0,0,0,0,0,0,0,0,0,0
843,Larry Bunce,0,0,0,0,0,0,0,0,0,0,0,0,0,0,0,0
844,Vince Boryla,0,0,0,0,0,0,0,0,0,0,0,0,0,0,0,0
845,James Edwards\edwarja01,0,0,0,0,0,0,0,0,0,0,0,0,0,0,0,0
846,Devin Booker,0,0,0,0,0,0,0,0,0,0,0,0,0,0,0,0
847,John Block,0,0,0,0,0,0,0,0,0,0,0,0,0,0,0,0
848,Butch Beard,0,0,0,0,0,0,0,0,0,0,0,0,0,0,0,0
849,Don Barksdale,0,0,0,0,0,0,0,0,0,0,0,0,0,0,0,0
850,B.J. Armstrong,0,0,0,0,0,0,0,0,0,0,0,0,0,0,0,0
851,Bam Adebayo,0,0,0,0,0,0,0,0,0,0,0,0,0,0,0,0
852,Bill Cartwright\cartwbi01,0,0,0,0,0,0,0,0,0,0,0,0,0,0,0,0
853,Sam Cassell\cassesa01,0,0,0,0,0,0,0,0,0,0,0,0,0,0,0,0
854,Gene Conley\conlege01,0,0,0,0,0,0,0,0,0,0,0,0,0,0,0,0
855,Jud Buechler\buechju01,0,0,0,0,0,0,0,0,0,0,0,0,0,0,0,0
856,Stephen Curry\curryst01,0,0,0,0,0,0,0,0,0,0,0,0,0,0,0,0
857,Kenny Sailors,0,0,0,0,0,0,0,0,0,0,0,0,0,0,0,0
